{"stats":{"minecraft:dropped":{"minecraft:wheat_seeds":10,"minecraft:oak_log":10,"minecraft:iron_helmet":2,"minecraft:cobblestone":47,"minecraft:granite":2,"minecraft:activator_rail":3,"minecraft:rail":2,"minecraft:flint":1,"minecraft:stick":8,"minecraft:dirt":7,"minecraft:diorite":1,"minecraft:crimson_roots":1,"minecraft:iron_leggings":2,"minecraft:pink_tulip":1,"minecraft:bone":1,"minecraft:gravel":9,"minecraft:furnace":1,"minecraft:warped_nylium":1,"minecraft:cobbled_deepslate":133,"minecraft:tuff":64,"minecraft:raw_iron":1,"minecraft:rotten_flesh":59,"minecraft:oak_planks":2,"minecraft:iron_boots":2,"minecraft:glowstone_dust":2,"minecraft:poppy":3,"minecraft:diamond_pickaxe":1,"minecraft:iron_chestplate":2,"minecraft:andesite":6,"minecraft:oak_sapling":3,"minecraft:spider_eye":1,"minecraft:bow":3,"minecraft:wooden_pickaxe":1,"minecraft:stone_pickaxe":2,"minecraft:netherrack":4,"minecraft:egg":1},"minecraft:broken":{"minecraft:stone_sword":1,"minecraft:stone_axe":1,"minecraft:iron_pickaxe":3},"minecraft:killed":{"minecraft:cave_spider":1,"minecraft:spider":11,"minecraft:skeleton":21,"minecraft:pig":1,"minecraft:iron_golem":2,"minecraft:hoglin":1,"minecraft:creeper":9,"minecraft:sheep":9,"minecraft:zombie":26,"minecraft:wither_skeleton":6,"minecraft:blaze":15,"minecraft:cow":3,"minecraft:enderman":2},"minecraft:picked_up":{"minecraft:crafting_table":6,"minecraft:iron_chestplate":1,"minecraft:nether_wart":37,"minecraft:brown_mushroom":31,"minecraft:string":88,"minecraft:oak_trapdoor":10,"minecraft:iron_leggings":1,"minecraft:cobbled_deepslate":364,"minecraft:deepslate_diamond_ore":14,"minecraft:beef":7,"minecraft:oak_boat":12,"minecraft:poppy":3,"minecraft:sugar_cane":22,"minecraft:furnace":1,"minecraft:egg":1,"minecraft:iron_boots":1,"minecraft:stick":4,"minecraft:raw_iron":145,"minecraft:stone":12,"minecraft:torch":4,"minecraft:porkchop":4,"minecraft:diorite":18,"minecraft:redstone":449,"minecraft:arrow":19,"minecraft:rotten_flesh":40,"minecraft:hay_block":36,"minecraft:pink_tulip":1,"minecraft:glowstone":15,"minecraft:blaze_rod":8,"minecraft:bone_block":54,"minecraft:obsidian":14,"minecraft:mutton":10,"minecraft:rail":59,"minecraft:white_wool":9,"minecraft:cobblestone":235,"minecraft:crimson_stem":7,"minecraft:tripwire_hook":9,"minecraft:andesite":12,"minecraft:leather":3,"minecraft:flint":2,"minecraft:tuff":76,"minecraft:oak_log":51,"minecraft:nether_wart_block":2,"minecraft:yellow_bed":4,"minecraft:gunpowder":10,"minecraft:lapis_lazuli":97,"minecraft:dirt":58,"minecraft:bone":31,"minecraft:bow":8,"minecraft:wheat_seeds":10,"minecraft:orange_tulip":2,"minecraft:raw_gold":23,"minecraft:bell":5,"minecraft:stone_pickaxe":1,"minecraft:grindstone":1,"minecraft:iron_ingot":10,"minecraft:iron_ore":66,"minecraft:glowstone_dust":10,"minecraft:oak_planks":17,"minecraft:oak_slab":1,"minecraft:quartz":47,"minecraft:gravel":26,"minecraft:white_bed":13,"minecraft:grass_block":1,"minecraft:spider_eye":1,"minecraft:barrel":1,"minecraft:coal_ore":124,"minecraft:diamond":29,"minecraft:lever":1,"minecraft:iron_helmet":1,"minecraft:granite":12,"minecraft:warped_nylium":1,"minecraft:crimson_roots":1,"minecraft:oak_sapling":8,"minecraft:netherrack":40,"minecraft:coal":41,"minecraft:ender_pearl":2,"minecraft:diamond_pickaxe":1},"minecraft:mined":{"minecraft:tuff":103,"minecraft:white_bed":13,"minecraft:deepslate_diamond_ore":43,"minecraft:obsidian":14,"minecraft:granite":13,"minecraft:grass_block":28,"minecraft:nether_wart":39,"minecraft:crimson_stem":8,"minecraft:spawner":1,"minecraft:hay_block":36,"minecraft:redstone_ore":10,"minecraft:oak_trapdoor":10,"minecraft:glowstone":18,"minecraft:furnace":1,"minecraft:fire":14,"minecraft:iron_ore":163,"minecraft:cobbled_deepslate":5,"minecraft:barrel":2,"minecraft:andesite":9,"minecraft:deepslate_lapis_ore":4,"minecraft:bell":4,"minecraft:cobblestone_slab":4,"minecraft:deepslate_iron_ore":21,"minecraft:rail":59,"minecraft:pink_tulip":1,"minecraft:stone":223,"minecraft:bone_block":56,"minecraft:tripwire":12,"minecraft:deepslate_redstone_ore":91,"minecraft:oak_slab":1,"minecraft:brown_mushroom":32,"minecraft:crimson_nylium":2,"minecraft:soul_fire":5,"minecraft:crafting_table":6,"minecraft:short_grass":17,"minecraft:nether_quartz_ore":47,"minecraft:tall_grass":2,"minecraft:cobblestone":17,"minecraft:deepslate_coal_ore":2,"minecraft:lapis_ore":9,"minecraft:deepslate_gold_ore":22,"minecraft:grindstone":1,"minecraft:sugar_cane":9,"minecraft:oak_planks":17,"minecraft:diorite":20,"minecraft:wall_torch":1,"minecraft:warped_nylium":2,"minecraft:nether_wart_block":2,"minecraft:orange_tulip":2,"minecraft:yellow_bed":4,"minecraft:oak_log":41,"minecraft:coal_ore":157,"minecraft:gravel":33,"minecraft:dirt":37,"minecraft:tripwire_hook":5,"minecraft:netherrack":37,"minecraft:gold_ore":1,"minecraft:oak_leaves":15,"minecraft:deepslate":1247},"minecraft:crafted":{"minecraft:oak_planks":152,"minecraft:cobblestone_slab":198,"minecraft:stone_shovel":1,"minecraft:tripwire_hook":4,"minecraft:furnace":5,"minecraft:lever":1,"minecraft:flint_and_steel":1,"minecraft:oak_trapdoor":10,"minecraft:bow":3,"minecraft:diamond_helmet":1,"minecraft:diamond_leggings":1,"minecraft:iron_boots":1,"minecraft:iron_axe":1,"minecraft:stone_pickaxe":1,"minecraft:diamond_boots":1,"minecraft:stone_hoe":1,"minecraft:golden_boots":1,"minecraft:wheat":324,"minecraft:crimson_planks":28,"minecraft:oak_slab":6,"minecraft:crafting_table":4,"minecraft:wooden_pickaxe":1,"minecraft:iron_sword":1,"minecraft:bucket":1,"minecraft:glowstone":2,"minecraft:stone_axe":1,"minecraft:bread":108,"minecraft:air":0,"minecraft:oak_boat":2,"minecraft:diamond_pickaxe":2,"minecraft:shield":1,"minecraft:stick":32,"minecraft:iron_ingot":29,"minecraft:iron_pickaxe":3,"minecraft:stone_sword":1,"minecraft:iron_leggings":1,"minecraft:gold_ingot":4,"minecraft:shears":1,"minecraft:diamond_chestplate":1},"minecraft:custom":{"minecraft:interact_with_anvil":1,"minecraft:mob_kills":110,"minecraft:interact_with_crafting_table":41,"minecraft:open_barrel":72,"minecraft:bell_ring":99,"minecraft:leave_game":1,"minecraft:time_since_death":268088,"minecraft:climb_one_cm":747,"minecraft:sprint_one_cm":590941,"minecraft:walk_one_cm":500231,"minecraft:damage_blocked_by_shield":2777,"minecraft:drop":66,"minecraft:talked_to_villager":9,"minecraft:play_time":268088,"minecraft:sneak_time":22960,"minecraft:walk_under_water_one_cm":14541,"minecraft:boat_one_cm":45665,"minecraft:jump":4452,"minecraft:walk_on_water_one_cm":44485,"minecraft:total_world_time":268088,"minecraft:interact_with_furnace":26,"minecraft:sleep_in_bed":9,"minecraft:time_since_rest":39425,"minecraft:damage_taken":2414,"minecraft:damage_dealt":21214,"minecraft:swim_one_cm":13460,"minecraft:fly_one_cm":714084,"minecraft:open_chest":32,"minecraft:crouch_one_cm":79818,"minecraft:fall_one_cm":100975},"minecraft:used":{"minecraft:oak_trapdoor":16,"minecraft:stone_sword":128,"minecraft:flint_and_steel":1,"minecraft:stone_shovel":42,"minecraft:shield":35,"minecraft:iron_sword":168,"minecraft:bell":4,"minecraft:stone_hoe":52,"minecraft:netherrack":34,"minecraft:torch":4,"minecraft:dirt":42,"minecraft:tuff":12,"minecraft:granite":9,"minecraft:obsidian":10,"minecraft:lava_bucket":209,"minecraft:iron_axe":76,"minecraft:crimson_planks":21,"minecraft:barrel":3,"minecraft:tripwire_hook":10,"minecraft:bow":8,"minecraft:furnace":5,"minecraft:cobbled_deepslate":194,"minecraft:golden_boots":3,"minecraft:water_bucket":167,"minecraft:diamond_boots":3,"minecraft:iron_ore":1,"minecraft:stone_pickaxe":7,"minecraft:oak_planks":73,"minecraft:orange_tulip":2,"minecraft:wooden_pickaxe":18,"minecraft:cobblestone_slab":96,"minecraft:oak_slab":7,"minecraft:crafting_table":9,"minecraft:white_bed":9,"minecraft:shears":43,"minecraft:oak_log":3,"minecraft:lever":1,"minecraft:diamond_pickaxe":1639,"minecraft:bread":73,"minecraft:string":58,"minecraft:iron_pickaxe":750,"minecraft:gravel":17,"minecraft:stone_axe":102,"minecraft:nether_wart_block":2,"minecraft:cobblestone":77,"minecraft:andesite":2,"minecraft:bucket":377,"minecraft:yellow_bed":3,"minecraft:oak_boat":13}},"DataVersion":3955}