{"stats":{"minecraft:mined":{"minecraft:crafting_table":2,"minecraft:short_grass":1,"minecraft:oak_log":6,"minecraft:grass_block":2,"minecraft:sand":9,"minecraft:dirt":3,"minecraft:stone":19,"minecraft:sugar_cane":1,"minecraft:oak_leaves":1},"minecraft:custom":{"minecraft:time_since_rest":16935,"minecraft:sprint_one_cm":16260,"minecraft:damage_taken":57,"minecraft:walk_one_cm":4434,"minecraft:mob_kills":1,"minecraft:drop":7,"minecraft:damage_dealt":100,"minecraft:interact_with_crafting_table":3,"minecraft:swim_one_cm":33372,"minecraft:fly_one_cm":28003,"minecraft:open_chest":6,"minecraft:crouch_one_cm":665,"minecraft:play_time":16935,"minecraft:sneak_time":417,"minecraft:walk_under_water_one_cm":4103,"minecraft:boat_one_cm":251272,"minecraft:jump":111,"minecraft:walk_on_water_one_cm":5564,"minecraft:time_since_death":16935,"minecraft:total_world_time":16935,"minecraft:fall_one_cm":3237},"minecraft:used":{"minecraft:leather_leggings":2,"minecraft:map":2,"minecraft:wooden_pickaxe":19,"minecraft:stone_axe":3,"minecraft:sand":3,"minecraft:dirt":4,"minecraft:crafting_table":2,"minecraft:oak_boat":2},"minecraft:dropped":{"minecraft:filled_map":2,"minecraft:dirt":1,"minecraft:leather_boots":1,"minecraft:leather_leggings":1,"minecraft:oak_planks":18,"minecraft:sand":3},"minecraft:picked_up":{"minecraft:crafting_table":2,"minecraft:leather":2,"minecraft:sand":6,"minecraft:oak_log":6,"minecraft:dirt":5,"minecraft:beef":2,"minecraft:oak_boat":1,"minecraft:sugar_cane":4,"minecraft:oak_planks":18,"minecraft:cobblestone":19},"minecraft:crafted":{"minecraft:oak_boat":1,"minecraft:oak_planks":24,"minecraft:stone_shovel":1,"minecraft:crafting_table":1,"minecraft:stick":12,"minecraft:wooden_pickaxe":1,"minecraft:stone_pickaxe":1,"minecraft:stone_sword":1,"minecraft:stone_hoe":1,"minecraft:stone_axe":1},"minecraft:killed":{"minecraft:cow":1}},"DataVersion":3955}