{"stats":{"minecraft:picked_up":{"minecraft:crafting_table":3,"minecraft:andesite":1,"minecraft:leather":3,"minecraft:oak_log":45,"minecraft:yellow_bed":2,"minecraft:dirt":9,"minecraft:orange_tulip":2,"minecraft:wheat_seeds":2,"minecraft:iron_ingot":5,"minecraft:beef":7,"minecraft:oak_boat":1,"minecraft:poppy":1,"minecraft:sugar_cane":14,"minecraft:egg":1,"minecraft:porkchop":1,"minecraft:white_bed":5,"minecraft:barrel":1,"minecraft:hay_block":36,"minecraft:pink_tulip":1,"minecraft:oak_sapling":4,"minecraft:mutton":10,"minecraft:cobblestone":19,"minecraft:white_wool":9},"minecraft:used":{"minecraft:water_bucket":9,"minecraft:stone_sword":32,"minecraft:stone_pickaxe":2,"minecraft:stone_shovel":2,"minecraft:orange_tulip":2,"minecraft:wooden_pickaxe":18,"minecraft:stone_hoe":52,"minecraft:dirt":8,"minecraft:crafting_table":4,"minecraft:oak_log":3,"minecraft:bread":4,"minecraft:stone_axe":55,"minecraft:bucket":10,"minecraft:andesite":1,"minecraft:oak_boat":1},"minecraft:dropped":{"minecraft:wheat_seeds":1,"minecraft:oak_log":10,"minecraft:poppy":1,"minecraft:wooden_pickaxe":1,"minecraft:pink_tulip":1,"minecraft:egg":1},"minecraft:custom":{"minecraft:mob_kills":14,"minecraft:interact_with_crafting_table":6,"minecraft:open_barrel":1,"minecraft:time_since_death":27190,"minecraft:sleep_in_bed":2,"minecraft:time_since_rest":3095,"minecraft:sprint_one_cm":92434,"minecraft:damage_taken":20,"minecraft:walk_one_cm":46291,"minecraft:drop":6,"minecraft:damage_dealt":2120,"minecraft:swim_one_cm":6401,"minecraft:talked_to_villager":1,"minecraft:fly_one_cm":127647,"minecraft:open_chest":10,"minecraft:crouch_one_cm":431,"minecraft:play_time":27190,"minecraft:sneak_time":343,"minecraft:walk_under_water_one_cm":1016,"minecraft:boat_one_cm":37484,"minecraft:jump":534,"minecraft:walk_on_water_one_cm":4368,"minecraft:total_world_time":27190,"minecraft:fall_one_cm":11835},"minecraft:mined":{"minecraft:white_bed":5,"minecraft:crafting_table":3,"minecraft:short_grass":2,"minecraft:grass_block":4,"minecraft:cobblestone":2,"minecraft:sugar_cane":6,"minecraft:hay_block":36,"minecraft:barrel":2,"minecraft:andesite":1,"minecraft:orange_tulip":2,"minecraft:yellow_bed":2,"minecraft:oak_log":35,"minecraft:dirt":5,"minecraft:pink_tulip":1,"minecraft:stone":17,"minecraft:oak_leaves":15},"minecraft:killed":{"minecraft:pig":1,"minecraft:iron_golem":1,"minecraft:sheep":9,"minecraft:cow":3},"minecraft:crafted":{"minecraft:oak_planks":128,"minecraft:stone_shovel":1,"minecraft:crafting_table":1,"minecraft:wooden_pickaxe":1,"minecraft:furnace":1,"minecraft:bucket":1,"minecraft:stone_axe":1,"minecraft:oak_boat":1,"minecraft:stick":12,"minecraft:stone_pickaxe":1,"minecraft:stone_sword":1,"minecraft:stone_hoe":1}},"DataVersion":3955}