{"stats":{"minecraft:mined":{"minecraft:deepslate_redstone_ore":16,"minecraft:tuff":18,"minecraft:deepslate_diamond_ore":9,"minecraft:sculk_vein":44,"minecraft:crafting_table":5,"minecraft:short_grass":2,"minecraft:grass_block":1,"minecraft:sculk_sensor":1,"minecraft:copper_ore":1,"minecraft:spruce_leaves":1,"minecraft:deepslate_gold_ore":4,"minecraft:sculk":259,"minecraft:sculk_catalyst":1,"minecraft:furnace":6,"minecraft:iron_ore":21,"minecraft:cobbled_deepslate":2,"minecraft:spruce_log":5,"minecraft:deepslate_lapis_ore":4,"minecraft:oak_log":14,"minecraft:coal_ore":11,"minecraft:deepslate_iron_ore":26,"minecraft:gravel":1,"minecraft:dirt":6,"minecraft:stone":51,"minecraft:gold_ore":3,"minecraft:oak_leaves":3,"minecraft:deepslate":138},"minecraft:custom":{"minecraft:interact_with_furnace":22,"minecraft:mob_kills":10,"minecraft:interact_with_crafting_table":13,"minecraft:time_since_death":28082,"minecraft:time_since_rest":28082,"minecraft:sprint_one_cm":51245,"minecraft:damage_taken":458,"minecraft:walk_one_cm":57734,"minecraft:damage_blocked_by_shield":808,"minecraft:drop":1,"minecraft:damage_dealt":1110,"minecraft:swim_one_cm":15844,"minecraft:fly_one_cm":53450,"minecraft:crouch_one_cm":11607,"minecraft:play_time":28082,"minecraft:sneak_time":3560,"minecraft:walk_under_water_one_cm":6021,"minecraft:jump":471,"minecraft:walk_on_water_one_cm":7088,"minecraft:total_world_time":28082,"minecraft:fall_one_cm":21140},"minecraft:used":{"minecraft:stone_sword":5,"minecraft:stone_pickaxe":48,"minecraft:wooden_pickaxe":13,"minecraft:shield":4,"minecraft:stone_hoe":71,"minecraft:dirt":6,"minecraft:crafting_table":5,"minecraft:iron_hoe":234,"minecraft:diamond_pickaxe":176,"minecraft:iron_pickaxe":77,"minecraft:gravel":1,"minecraft:stone_axe":34,"minecraft:cobblestone":16,"minecraft:furnace":6,"minecraft:cobbled_deepslate":4,"minecraft:cooked_beef":6},"minecraft:dropped":{"minecraft:wooden_pickaxe":1},"minecraft:picked_up":{"minecraft:crafting_table":5,"minecraft:cooked_beef":2,"minecraft:leather":9,"minecraft:tuff":18,"minecraft:oak_log":14,"minecraft:lapis_lazuli":29,"minecraft:dirt":7,"minecraft:raw_copper":2,"minecraft:cobbled_deepslate":137,"minecraft:raw_gold":7,"minecraft:beef":20,"minecraft:iron_ingot":22,"minecraft:furnace":6,"minecraft:raw_iron":45,"minecraft:gravel":1,"minecraft:spruce_sapling":3,"minecraft:spruce_log":5,"minecraft:redstone":72,"minecraft:rotten_flesh":1,"minecraft:diamond":9,"minecraft:oak_sapling":1,"minecraft:coal":17,"minecraft:cobblestone":50},"minecraft:crafted":{"minecraft:cooked_beef":18,"minecraft:oak_planks":56,"minecraft:crafting_table":2,"minecraft:spruce_planks":20,"minecraft:spruce_button":1,"minecraft:wooden_pickaxe":1,"minecraft:furnace":3,"minecraft:stone_axe":1,"minecraft:air":0,"minecraft:diamond_pickaxe":1,"minecraft:shield":1,"minecraft:iron_hoe":1,"minecraft:stick":24,"minecraft:iron_ingot":20,"minecraft:iron_pickaxe":1,"minecraft:stone_pickaxe":1,"minecraft:stone_sword":1,"minecraft:stone_hoe":1},"minecraft:killed":{"minecraft:skeleton":1,"minecraft:zombie":1,"minecraft:cow":8}},"DataVersion":3955}