{"stats":{"minecraft:crafted":{"minecraft:oak_planks":128,"minecraft:oak_slab":6,"minecraft:stone_shovel":1,"minecraft:crafting_table":3,"minecraft:wooden_pickaxe":1,"minecraft:furnace":1,"minecraft:bucket":1,"minecraft:stone_axe":1,"minecraft:bread":108,"minecraft:oak_trapdoor":8,"minecraft:oak_boat":1,"minecraft:shield":1,"minecraft:stick":20,"minecraft:iron_pickaxe":1,"minecraft:stone_pickaxe":1,"minecraft:stone_sword":1,"minecraft:stone_hoe":1,"minecraft:wheat":324},"minecraft:used":{"minecraft:oak_trapdoor":6,"minecraft:water_bucket":20,"minecraft:stone_sword":38,"minecraft:stone_pickaxe":7,"minecraft:stone_shovel":14,"minecraft:oak_planks":73,"minecraft:orange_tulip":2,"minecraft:wooden_pickaxe":18,"minecraft:bell":3,"minecraft:stone_hoe":52,"minecraft:dirt":11,"minecraft:oak_slab":7,"minecraft:crafting_table":6,"minecraft:white_bed":8,"minecraft:granite":7,"minecraft:oak_log":3,"minecraft:bread":9,"minecraft:iron_pickaxe":250,"minecraft:barrel":1,"minecraft:stone_axe":69,"minecraft:furnace":1,"minecraft:bucket":21,"minecraft:andesite":1,"minecraft:yellow_bed":3,"minecraft:oak_boat":9},"minecraft:custom":{"minecraft:interact_with_furnace":1,"minecraft:mob_kills":15,"minecraft:interact_with_crafting_table":15,"minecraft:open_barrel":7,"minecraft:bell_ring":99,"minecraft:time_since_death":62972,"minecraft:sleep_in_bed":3,"minecraft:time_since_rest":25521,"minecraft:sprint_one_cm":178311,"minecraft:damage_taken":50,"minecraft:walk_one_cm":127919,"minecraft:drop":8,"minecraft:damage_dealt":2331,"minecraft:swim_one_cm":6401,"minecraft:talked_to_villager":9,"minecraft:fly_one_cm":207327,"minecraft:open_chest":12,"minecraft:crouch_one_cm":6207,"minecraft:play_time":62972,"minecraft:sneak_time":2132,"minecraft:walk_under_water_one_cm":3240,"minecraft:boat_one_cm":44186,"minecraft:jump":962,"minecraft:walk_on_water_one_cm":6296,"minecraft:total_world_time":62972,"minecraft:fall_one_cm":20322},"minecraft:broken":{"minecraft:iron_pickaxe":1},"minecraft:dropped":{"minecraft:wheat_seeds":7,"minecraft:oak_log":10,"minecraft:poppy":1,"minecraft:wooden_pickaxe":1,"minecraft:egg":1,"minecraft:pink_tulip":1},"minecraft:killed":{"minecraft:pig":1,"minecraft:iron_golem":1,"minecraft:sheep":9,"minecraft:zombie":1,"minecraft:cow":3},"minecraft:picked_up":{"minecraft:crafting_table":3,"minecraft:andesite":1,"minecraft:leather":3,"minecraft:oak_log":45,"minecraft:yellow_bed":4,"minecraft:lapis_lazuli":71,"minecraft:dirt":22,"minecraft:orange_tulip":2,"minecraft:wheat_seeds":7,"minecraft:bell":4,"minecraft:grindstone":1,"minecraft:iron_ingot":5,"minecraft:beef":7,"minecraft:oak_boat":8,"minecraft:poppy":1,"minecraft:sugar_cane":14,"minecraft:oak_planks":12,"minecraft:egg":1,"minecraft:oak_slab":1,"minecraft:stick":2,"minecraft:raw_iron":52,"minecraft:porkchop":1,"minecraft:white_bed":13,"minecraft:redstone":19,"minecraft:barrel":1,"minecraft:hay_block":36,"minecraft:granite":10,"minecraft:pink_tulip":1,"minecraft:coal":5,"minecraft:oak_sapling":4,"minecraft:rail":59,"minecraft:mutton":10,"minecraft:white_wool":9,"minecraft:cobblestone":127},"minecraft:mined":{"minecraft:oak_slab":1,"minecraft:white_bed":13,"minecraft:crafting_table":3,"minecraft:granite":11,"minecraft:short_grass":6,"minecraft:grass_block":7,"minecraft:tall_grass":1,"minecraft:cobblestone":2,"minecraft:deepslate_coal_ore":2,"minecraft:lapis_ore":9,"minecraft:grindstone":1,"minecraft:sugar_cane":6,"minecraft:oak_planks":12,"minecraft:hay_block":36,"minecraft:redstone_ore":4,"minecraft:iron_ore":52,"minecraft:barrel":2,"minecraft:andesite":1,"minecraft:orange_tulip":2,"minecraft:yellow_bed":4,"minecraft:bell":4,"minecraft:coal_ore":4,"minecraft:oak_log":35,"minecraft:deepslate_iron_ore":1,"minecraft:rail":59,"minecraft:dirt":15,"minecraft:pink_tulip":1,"minecraft:stone":125,"minecraft:oak_leaves":15}},"DataVersion":3955}