{"stats":{"minecraft:mined":{"minecraft:tuff":10,"minecraft:spruce_planks":1,"minecraft:deepslate_diamond_ore":24,"minecraft:sculk_vein":22,"minecraft:brewing_stand":1,"minecraft:obsidian":11,"minecraft:grass_block":138,"minecraft:spruce_leaves":8,"minecraft:composter":2,"minecraft:oak_wall_sign":4,"minecraft:large_fern":1,"minecraft:hay_block":24,"minecraft:deepslate_lapis_ore":6,"minecraft:sculk_shrieker":1,"minecraft:dirt_path":24,"minecraft:deepslate_iron_ore":25,"minecraft:stone":10,"minecraft:deepslate_redstone_ore":44,"minecraft:crafting_table":5,"minecraft:short_grass":22,"minecraft:blast_furnace":5,"minecraft:sculk_sensor":1,"minecraft:cobblestone":2,"minecraft:tall_grass":2,"minecraft:deepslate_gold_ore":11,"minecraft:grindstone":2,"minecraft:oak_planks":5,"minecraft:sugar_cane":1,"minecraft:sculk":234,"minecraft:blue_bed":3,"minecraft:purple_bed":7,"minecraft:birch_log":7,"minecraft:sweet_berry_bush":1,"minecraft:spruce_log":11,"minecraft:birch_leaves":1,"minecraft:oak_log":14,"minecraft:coal_ore":21,"minecraft:dirt":68,"minecraft:gold_ore":3,"minecraft:oak_leaves":6,"minecraft:deepslate":83},"minecraft:broken":{"minecraft:stone_axe":1,"minecraft:iron_hoe":1},"minecraft:custom":{"minecraft:mob_kills":54,"minecraft:interact_with_crafting_table":17,"minecraft:leave_game":2,"minecraft:time_since_death":624,"minecraft:sprint_one_cm":244242,"minecraft:walk_one_cm":147314,"minecraft:drop":6,"minecraft:talked_to_villager":4,"minecraft:play_time":69233,"minecraft:deaths":1,"minecraft:sneak_time":8721,"minecraft:walk_under_water_one_cm":2496,"minecraft:boat_one_cm":36616,"minecraft:jump":1655,"minecraft:interact_with_brewingstand":1,"minecraft:interact_with_blast_furnace":6,"minecraft:walk_on_water_one_cm":20627,"minecraft:total_world_time":69233,"minecraft:sleep_in_bed":2,"minecraft:time_since_rest":669,"minecraft:damage_taken":1919,"minecraft:damage_dealt":9985,"minecraft:fly_one_cm":367758,"minecraft:swim_one_cm":11656,"minecraft:open_chest":20,"minecraft:crouch_one_cm":33633,"minecraft:fall_one_cm":49278},"minecraft:used":{"minecraft:oak_trapdoor":2,"minecraft:stone_sword":96,"minecraft:iron_shovel":125,"minecraft:stone_shovel":106,"minecraft:spruce_slab":4,"minecraft:oak_sign":6,"minecraft:spruce_planks":42,"minecraft:chest":2,"minecraft:stone_hoe":82,"minecraft:iron_chestplate":1,"minecraft:dirt":197,"minecraft:spruce_boat":2,"minecraft:iron_hoe":250,"minecraft:lava_bucket":1,"minecraft:iron_helmet":1,"minecraft:light_gray_wool":1,"minecraft:potato":21,"minecraft:cobbled_deepslate":18,"minecraft:water_bucket":59,"minecraft:stone_pickaxe":6,"minecraft:oak_planks":48,"minecraft:wooden_pickaxe":9,"minecraft:composter":3,"minecraft:diamond_axe":26,"minecraft:blue_bed":3,"minecraft:crafting_table":6,"minecraft:blast_furnace":3,"minecraft:spruce_log":4,"minecraft:wooden_hoe":9,"minecraft:diamond_pickaxe":68,"minecraft:bread":40,"minecraft:iron_pickaxe":181,"minecraft:gravel":8,"minecraft:stone_axe":88,"minecraft:cobblestone":1,"minecraft:purple_bed":5,"minecraft:bucket":61},"minecraft:dropped":{"minecraft:wooden_hoe":1,"minecraft:rotten_flesh":2,"minecraft:poppy":1,"minecraft:spruce_planks":4,"minecraft:spruce_log":13,"minecraft:wooden_pickaxe":1},"minecraft:picked_up":{"minecraft:crafting_table":5,"minecraft:brewing_stand":1,"minecraft:string":2,"minecraft:oak_sign":5,"minecraft:cobbled_deepslate":83,"minecraft:spruce_planks":5,"minecraft:beef":26,"minecraft:poppy":2,"minecraft:light_gray_wool":1,"minecraft:sugar_cane":2,"minecraft:birch_sapling":1,"minecraft:stick":1,"minecraft:raw_iron":25,"minecraft:composter":2,"minecraft:porkchop":2,"minecraft:redstone":201,"minecraft:arrow":6,"minecraft:rotten_flesh":10,"minecraft:hay_block":23,"minecraft:obsidian":10,"minecraft:mutton":5,"minecraft:cobblestone":12,"minecraft:white_wool":3,"minecraft:birch_log":7,"minecraft:leather":8,"minecraft:tuff":10,"minecraft:oak_log":14,"minecraft:gunpowder":6,"minecraft:wooden_hoe":1,"minecraft:lapis_lazuli":40,"minecraft:dirt":227,"minecraft:blue_bed":3,"minecraft:bone":14,"minecraft:wheat_seeds":6,"minecraft:raw_gold":13,"minecraft:iron_ingot":3,"minecraft:grindstone":2,"minecraft:oak_planks":5,"minecraft:sweet_berries":3,"minecraft:gravel":8,"minecraft:spruce_sapling":1,"minecraft:blast_furnace":5,"minecraft:spruce_log":24,"minecraft:spider_eye":1,"minecraft:purple_bed":7,"minecraft:diamond":24,"minecraft:spruce_boat":2,"minecraft:oak_sapling":1,"minecraft:coal":40,"minecraft:ender_pearl":1},"minecraft:crafted":{"minecraft:oak_planks":56,"minecraft:stone_shovel":1,"minecraft:oak_sign":3,"minecraft:oak_trapdoor":2,"minecraft:spruce_slab":18,"minecraft:iron_hoe":1,"minecraft:stone_pickaxe":1,"minecraft:chest":2,"minecraft:spruce_boat":1,"minecraft:stone_hoe":1,"minecraft:wheat":207,"minecraft:diamond_axe":1,"minecraft:crafting_table":2,"minecraft:spruce_planks":100,"minecraft:wooden_pickaxe":1,"minecraft:bucket":1,"minecraft:birch_planks":4,"minecraft:stone_axe":1,"minecraft:bread":64,"minecraft:air":0,"minecraft:wooden_hoe":1,"minecraft:diamond_pickaxe":1,"minecraft:stick":32,"minecraft:iron_ingot":15,"minecraft:stone_sword":1,"minecraft:iron_shovel":2,"minecraft:composter":2},"minecraft:killed":{"minecraft:spider":1,"minecraft:skeleton":12,"minecraft:pig":1,"minecraft:zombie_villager":1,"minecraft:iron_golem":1,"minecraft:creeper":7,"minecraft:sheep":4,"minecraft:zombie":15,"minecraft:cow":11,"minecraft:enderman":1}},"DataVersion":3955}