{"stats":{"minecraft:mined":{"minecraft:spruce_planks":1,"minecraft:brewing_stand":1,"minecraft:crafting_table":2,"minecraft:short_grass":22,"minecraft:blast_furnace":2,"minecraft:grass_block":137,"minecraft:tall_grass":2,"minecraft:cobblestone":2,"minecraft:composter":2,"minecraft:oak_planks":4,"minecraft:spruce_leaves":8,"minecraft:grindstone":2,"minecraft:sugar_cane":1,"minecraft:blue_bed":2,"minecraft:large_fern":1,"minecraft:hay_block":24,"minecraft:purple_bed":7,"minecraft:sweet_berry_bush":1,"minecraft:spruce_log":11,"minecraft:oak_log":14,"minecraft:dirt_path":24,"minecraft:dirt":26,"minecraft:stone":9,"minecraft:oak_leaves":6},"minecraft:custom":{"minecraft:mob_kills":18,"minecraft:interact_with_crafting_table":13,"minecraft:time_since_death":29492,"minecraft:sleep_in_bed":1,"minecraft:time_since_rest":13363,"minecraft:sprint_one_cm":137834,"minecraft:damage_taken":328,"minecraft:walk_one_cm":65080,"minecraft:drop":6,"minecraft:damage_dealt":2719,"minecraft:swim_one_cm":9943,"minecraft:talked_to_villager":4,"minecraft:fly_one_cm":137231,"minecraft:open_chest":13,"minecraft:crouch_one_cm":11187,"minecraft:play_time":29492,"minecraft:sneak_time":2028,"minecraft:walk_under_water_one_cm":745,"minecraft:boat_one_cm":36519,"minecraft:jump":741,"minecraft:interact_with_brewingstand":1,"minecraft:walk_on_water_one_cm":3073,"minecraft:total_world_time":29492,"minecraft:fall_one_cm":22730},"minecraft:used":{"minecraft:oak_trapdoor":2,"minecraft:water_bucket":1,"minecraft:stone_sword":41,"minecraft:iron_shovel":116,"minecraft:spruce_slab":4,"minecraft:stone_pickaxe":6,"minecraft:stone_shovel":71,"minecraft:oak_planks":47,"minecraft:spruce_planks":42,"minecraft:chest":2,"minecraft:wooden_pickaxe":9,"minecraft:composter":3,"minecraft:stone_hoe":82,"minecraft:iron_chestplate":1,"minecraft:dirt":130,"minecraft:crafting_table":4,"minecraft:spruce_log":4,"minecraft:spruce_boat":1,"minecraft:wooden_hoe":9,"minecraft:bread":9,"minecraft:iron_pickaxe":4,"minecraft:iron_helmet":1,"minecraft:stone_axe":47,"minecraft:light_gray_wool":1,"minecraft:purple_bed":1,"minecraft:bucket":1},"minecraft:dropped":{"minecraft:rotten_flesh":2,"minecraft:poppy":1,"minecraft:wooden_hoe":1,"minecraft:spruce_planks":4,"minecraft:spruce_log":13,"minecraft:wooden_pickaxe":1},"minecraft:picked_up":{"minecraft:crafting_table":2,"minecraft:leather":8,"minecraft:oak_log":14,"minecraft:brewing_stand":1,"minecraft:wooden_hoe":1,"minecraft:dirt":176,"minecraft:blue_bed":2,"minecraft:wheat_seeds":6,"minecraft:spruce_planks":5,"minecraft:grindstone":2,"minecraft:beef":26,"minecraft:iron_ingot":3,"minecraft:poppy":2,"minecraft:light_gray_wool":1,"minecraft:sugar_cane":2,"minecraft:oak_planks":4,"minecraft:stick":1,"minecraft:sweet_berries":3,"minecraft:composter":2,"minecraft:porkchop":2,"minecraft:spruce_sapling":1,"minecraft:blast_furnace":2,"minecraft:spruce_log":24,"minecraft:purple_bed":7,"minecraft:rotten_flesh":2,"minecraft:spruce_boat":1,"minecraft:hay_block":23,"minecraft:oak_sapling":1,"minecraft:mutton":5,"minecraft:white_wool":3,"minecraft:cobblestone":11},"minecraft:crafted":{"minecraft:oak_planks":56,"minecraft:stone_shovel":1,"minecraft:crafting_table":2,"minecraft:spruce_planks":100,"minecraft:wooden_pickaxe":1,"minecraft:bucket":1,"minecraft:stone_axe":1,"minecraft:bread":64,"minecraft:oak_trapdoor":2,"minecraft:wooden_hoe":1,"minecraft:spruce_slab":18,"minecraft:stick":24,"minecraft:stone_pickaxe":1,"minecraft:stone_sword":1,"minecraft:chest":2,"minecraft:iron_shovel":2,"minecraft:spruce_boat":1,"minecraft:composter":2,"minecraft:stone_hoe":1,"minecraft:wheat":207},"minecraft:killed":{"minecraft:pig":1,"minecraft:iron_golem":1,"minecraft:sheep":4,"minecraft:zombie":1,"minecraft:cow":11}},"DataVersion":3955}