{"stats":{"minecraft:used":{"minecraft:oak_fence":4,"minecraft:oak_trapdoor":4,"minecraft:water_bucket":4,"minecraft:stone_sword":20,"minecraft:iron_shovel":218,"minecraft:stone_shovel":132,"minecraft:stone_pickaxe":33,"minecraft:oak_planks":86,"minecraft:wooden_pickaxe":18,"minecraft:composter":2,"minecraft:fletching_table":6,"minecraft:sugar_cane":10,"minecraft:torch":4,"minecraft:dirt":249,"minecraft:oak_slab":19,"minecraft:crafting_table":3,"minecraft:blast_furnace":1,"minecraft:white_bed":11,"minecraft:smoker":2,"minecraft:oak_log":3,"minecraft:wooden_hoe":79,"minecraft:gravel":67,"minecraft:stone_axe":138,"minecraft:cobblestone":1,"minecraft:cooked_porkchop":4,"minecraft:bucket":5,"minecraft:yellow_bed":15,"minecraft:oak_boat":1,"minecraft:potato":14},"minecraft:broken":{"minecraft:stone_axe":1,"minecraft:wooden_hoe":1,"minecraft:stone_shovel":1},"minecraft:picked_up":{"minecraft:stripped_oak_log":1,"minecraft:leather":5,"minecraft:smoker":1,"minecraft:flint":10,"minecraft:oak_log":38,"minecraft:yellow_bed":17,"minecraft:oak_trapdoor":4,"minecraft:dirt":252,"minecraft:stonecutter":1,"minecraft:wheat_seeds":3,"minecraft:beef":24,"minecraft:iron_ingot":4,"minecraft:fletching_table":1,"minecraft:sugar_cane":10,"minecraft:oak_planks":17,"minecraft:oak_slab":3,"minecraft:stick":7,"minecraft:composter":2,"minecraft:oak_fence":9,"minecraft:torch":5,"minecraft:gravel":71,"minecraft:porkchop":22,"minecraft:blast_furnace":1,"minecraft:white_bed":17,"minecraft:rotten_flesh":2,"minecraft:hay_block":16,"minecraft:oak_sapling":6,"minecraft:coal":51,"minecraft:cobblestone":21},"minecraft:killed":{"minecraft:pig":12,"minecraft:iron_golem":1,"minecraft:zombie":3,"minecraft:drowned":1,"minecraft:cow":10},"minecraft:custom":{"minecraft:mob_kills":27,"minecraft:interact_with_crafting_table":14,"minecraft:time_since_death":65039,"minecraft:time_since_rest":65039,"minecraft:sprint_one_cm":124263,"minecraft:damage_taken":20,"minecraft:walk_one_cm":136628,"minecraft:drop":1,"minecraft:damage_dealt":4000,"minecraft:swim_one_cm":1274,"minecraft:talked_to_villager":52,"minecraft:fly_one_cm":172256,"minecraft:open_chest":4,"minecraft:crouch_one_cm":20107,"minecraft:play_time":65039,"minecraft:sneak_time":4777,"minecraft:walk_under_water_one_cm":1878,"minecraft:boat_one_cm":155,"minecraft:jump":927,"minecraft:walk_on_water_one_cm":6098,"minecraft:total_world_time":65039,"minecraft:interact_with_smoker":3,"minecraft:fall_one_cm":20922},"minecraft:dropped":{"minecraft:wooden_pickaxe":1},"minecraft:crafted":{"minecraft:oak_slab":18,"minecraft:oak_planks":128,"minecraft:stone_shovel":1,"minecraft:cooked_porkchop":22,"minecraft:crafting_table":3,"minecraft:wooden_pickaxe":1,"minecraft:furnace":1,"minecraft:fletching_table":5,"minecraft:bucket":1,"minecraft:stone_axe":2,"minecraft:air":0,"minecraft:oak_boat":1,"minecraft:wooden_hoe":2,"minecraft:stick":12,"minecraft:stone_pickaxe":1,"minecraft:stone_sword":1,"minecraft:iron_shovel":1,"minecraft:smoker":1},"minecraft:mined":{"minecraft:oak_slab":5,"minecraft:white_bed":17,"minecraft:smoker":1,"minecraft:oak_fence":9,"minecraft:crafting_table":1,"minecraft:torch":1,"minecraft:short_grass":10,"minecraft:blast_furnace":1,"minecraft:grass_block":113,"minecraft:cobblestone":4,"minecraft:sugar_cane":6,"minecraft:composter":2,"minecraft:oak_planks":18,"minecraft:hay_block":16,"minecraft:oak_trapdoor":4,"minecraft:fire":1,"minecraft:fletching_table":1,"minecraft:yellow_bed":17,"minecraft:oak_log":40,"minecraft:coal_ore":27,"minecraft:dirt_path":56,"minecraft:gravel":79,"minecraft:dirt":107,"minecraft:stripped_oak_log":1,"minecraft:stonecutter":1,"minecraft:stone":17,"minecraft:oak_leaves":10}},"DataVersion":3955}