{"stats":{"minecraft:mined":{"minecraft:deepslate_redstone_ore":54,"minecraft:tuff":50,"minecraft:mossy_cobblestone":1,"minecraft:deepslate_diamond_ore":32,"minecraft:sculk_vein":44,"minecraft:crafting_table":5,"minecraft:short_grass":2,"minecraft:grass_block":1,"minecraft:sculk_sensor":1,"minecraft:copper_ore":1,"minecraft:spruce_leaves":1,"minecraft:deepslate_gold_ore":19,"minecraft:sculk":259,"minecraft:spawner":1,"minecraft:sculk_catalyst":1,"minecraft:furnace":6,"minecraft:iron_ore":21,"minecraft:cobbled_deepslate":17,"minecraft:spruce_log":5,"minecraft:deepslate_lapis_ore":4,"minecraft:oak_log":14,"minecraft:coal_ore":11,"minecraft:deepslate_iron_ore":26,"minecraft:gravel":5,"minecraft:dirt":6,"minecraft:stone":51,"minecraft:gold_ore":3,"minecraft:oak_leaves":3,"minecraft:deepslate":970},"minecraft:broken":{"minecraft:iron_pickaxe":1},"minecraft:custom":{"minecraft:interact_with_furnace":22,"minecraft:mob_kills":34,"minecraft:interact_with_crafting_table":13,"minecraft:leave_game":1,"minecraft:time_since_death":80504,"minecraft:time_since_rest":80504,"minecraft:sprint_one_cm":92569,"minecraft:damage_taken":1169,"minecraft:walk_one_cm":176083,"minecraft:damage_blocked_by_shield":1300,"minecraft:drop":5,"minecraft:damage_dealt":5634,"minecraft:swim_one_cm":15844,"minecraft:fly_one_cm":108189,"minecraft:open_chest":1,"minecraft:crouch_one_cm":21315,"minecraft:play_time":80504,"minecraft:sneak_time":6667,"minecraft:walk_under_water_one_cm":6064,"minecraft:jump":924,"minecraft:walk_on_water_one_cm":8970,"minecraft:total_world_time":80504,"minecraft:fall_one_cm":33647},"minecraft:used":{"minecraft:stone_sword":72,"minecraft:stone_pickaxe":54,"minecraft:wooden_pickaxe":13,"minecraft:shield":9,"minecraft:stone_hoe":71,"minecraft:dirt":6,"minecraft:crafting_table":5,"minecraft:iron_hoe":235,"minecraft:diamond_pickaxe":956,"minecraft:iron_pickaxe":250,"minecraft:gravel":1,"minecraft:stone_axe":45,"minecraft:cobblestone":16,"minecraft:furnace":6,"minecraft:cobbled_deepslate":78,"minecraft:cooked_beef":15},"minecraft:dropped":{"minecraft:cobbled_deepslate":7,"minecraft:mossy_cobblestone":1,"minecraft:iron_hoe":1,"minecraft:dirt":1,"minecraft:wooden_pickaxe":1},"minecraft:picked_up":{"minecraft:crafting_table":5,"minecraft:cooked_beef":2,"minecraft:leather":9,"minecraft:potato":1,"minecraft:tuff":50,"minecraft:oak_log":14,"minecraft:gunpowder":2,"minecraft:lapis_lazuli":29,"minecraft:string":10,"minecraft:dirt":7,"minecraft:raw_copper":2,"minecraft:cobbled_deepslate":562,"minecraft:raw_gold":22,"minecraft:beef":20,"minecraft:iron_ingot":22,"minecraft:furnace":6,"minecraft:raw_iron":45,"minecraft:gravel":1,"minecraft:spruce_sapling":3,"minecraft:spruce_log":5,"minecraft:redstone":232,"minecraft:spider_eye":1,"minecraft:mossy_cobblestone":1,"minecraft:rotten_flesh":14,"minecraft:diamond":32,"minecraft:oak_sapling":1,"minecraft:coal":17,"minecraft:cobblestone":50},"minecraft:crafted":{"minecraft:cooked_beef":18,"minecraft:oak_planks":56,"minecraft:crafting_table":2,"minecraft:spruce_planks":20,"minecraft:spruce_button":1,"minecraft:wooden_pickaxe":1,"minecraft:furnace":3,"minecraft:stone_axe":1,"minecraft:air":0,"minecraft:diamond_pickaxe":1,"minecraft:shield":1,"minecraft:iron_hoe":1,"minecraft:stick":24,"minecraft:iron_ingot":20,"minecraft:iron_pickaxe":1,"minecraft:stone_pickaxe":1,"minecraft:stone_sword":1,"minecraft:stone_hoe":1},"minecraft:killed":{"minecraft:zombie_villager":1,"minecraft:spider":9,"minecraft:creeper":1,"minecraft:skeleton":3,"minecraft:zombie":11,"minecraft:cow":8}},"DataVersion":3955}