{"stats":{"minecraft:used":{"minecraft:water_bucket":1,"minecraft:stone_sword":17,"minecraft:iron_shovel":142,"minecraft:stone_shovel":132,"minecraft:stone_pickaxe":32,"minecraft:oak_planks":86,"minecraft:wooden_pickaxe":18,"minecraft:composter":2,"minecraft:fletching_table":3,"minecraft:sugar_cane":10,"minecraft:dirt":144,"minecraft:oak_slab":11,"minecraft:crafting_table":3,"minecraft:white_bed":10,"minecraft:smoker":1,"minecraft:oak_log":3,"minecraft:gravel":53,"minecraft:stone_axe":117,"minecraft:cooked_porkchop":4,"minecraft:bucket":1,"minecraft:yellow_bed":11},"minecraft:broken":{"minecraft:stone_axe":1,"minecraft:stone_shovel":1},"minecraft:picked_up":{"minecraft:leather":5,"minecraft:flint":6,"minecraft:oak_log":36,"minecraft:yellow_bed":14,"minecraft:dirt":193,"minecraft:stonecutter":1,"minecraft:wheat_seeds":3,"minecraft:beef":24,"minecraft:iron_ingot":4,"minecraft:fletching_table":1,"minecraft:sugar_cane":10,"minecraft:oak_planks":17,"minecraft:oak_slab":2,"minecraft:stick":7,"minecraft:composter":2,"minecraft:oak_fence":5,"minecraft:torch":5,"minecraft:gravel":59,"minecraft:porkchop":22,"minecraft:blast_furnace":1,"minecraft:white_bed":11,"minecraft:rotten_flesh":2,"minecraft:hay_block":16,"minecraft:oak_sapling":6,"minecraft:coal":27,"minecraft:cobblestone":21},"minecraft:killed":{"minecraft:pig":12,"minecraft:iron_golem":1,"minecraft:zombie":2,"minecraft:drowned":1,"minecraft:cow":10},"minecraft:custom":{"minecraft:mob_kills":26,"minecraft:interact_with_crafting_table":12,"minecraft:time_since_death":29039,"minecraft:time_since_rest":29039,"minecraft:sprint_one_cm":97942,"minecraft:damage_taken":20,"minecraft:walk_one_cm":97736,"minecraft:drop":1,"minecraft:damage_dealt":3800,"minecraft:swim_one_cm":1274,"minecraft:talked_to_villager":34,"minecraft:fly_one_cm":144030,"minecraft:open_chest":3,"minecraft:crouch_one_cm":15113,"minecraft:play_time":29039,"minecraft:sneak_time":3358,"minecraft:walk_under_water_one_cm":247,"minecraft:jump":719,"minecraft:walk_on_water_one_cm":3144,"minecraft:total_world_time":29039,"minecraft:interact_with_smoker":2,"minecraft:fall_one_cm":16183},"minecraft:dropped":{"minecraft:wooden_pickaxe":1},"minecraft:crafted":{"minecraft:oak_slab":18,"minecraft:oak_planks":116,"minecraft:stone_shovel":1,"minecraft:cooked_porkchop":8,"minecraft:crafting_table":3,"minecraft:wooden_pickaxe":1,"minecraft:furnace":1,"minecraft:fletching_table":2,"minecraft:bucket":1,"minecraft:stone_axe":2,"minecraft:air":0,"minecraft:oak_boat":1,"minecraft:wooden_hoe":1,"minecraft:stick":12,"minecraft:stone_pickaxe":1,"minecraft:stone_sword":1,"minecraft:iron_shovel":1,"minecraft:smoker":1},"minecraft:mined":{"minecraft:oak_slab":2,"minecraft:white_bed":11,"minecraft:oak_fence":5,"minecraft:crafting_table":1,"minecraft:torch":1,"minecraft:short_grass":9,"minecraft:blast_furnace":1,"minecraft:grass_block":80,"minecraft:cobblestone":4,"minecraft:sugar_cane":6,"minecraft:composter":2,"minecraft:oak_planks":18,"minecraft:hay_block":16,"minecraft:fire":1,"minecraft:fletching_table":1,"minecraft:yellow_bed":14,"minecraft:oak_log":37,"minecraft:coal_ore":27,"minecraft:dirt_path":56,"minecraft:gravel":65,"minecraft:dirt":77,"minecraft:stonecutter":1,"minecraft:stone":17,"minecraft:oak_leaves":10}},"DataVersion":3955}