{"stats":{"minecraft:mined":{"minecraft:deepslate_redstone_ore":19,"minecraft:tuff":4,"minecraft:spruce_planks":1,"minecraft:deepslate_diamond_ore":10,"minecraft:brewing_stand":1,"minecraft:crafting_table":3,"minecraft:short_grass":22,"minecraft:blast_furnace":2,"minecraft:grass_block":138,"minecraft:tall_grass":2,"minecraft:cobblestone":2,"minecraft:spruce_leaves":8,"minecraft:composter":2,"minecraft:grindstone":2,"minecraft:sugar_cane":1,"minecraft:oak_planks":5,"minecraft:sculk":4,"minecraft:oak_wall_sign":4,"minecraft:blue_bed":3,"minecraft:large_fern":1,"minecraft:hay_block":24,"minecraft:purple_bed":7,"minecraft:birch_log":7,"minecraft:sweet_berry_bush":1,"minecraft:spruce_log":11,"minecraft:birch_leaves":1,"minecraft:deepslate_lapis_ore":4,"minecraft:sculk_shrieker":1,"minecraft:coal_ore":21,"minecraft:oak_log":14,"minecraft:deepslate_iron_ore":15,"minecraft:dirt_path":24,"minecraft:dirt":68,"minecraft:stone":10,"minecraft:gold_ore":3,"minecraft:deepslate":28,"minecraft:oak_leaves":6},"minecraft:custom":{"minecraft:mob_kills":41,"minecraft:interact_with_crafting_table":14,"minecraft:leave_game":1,"minecraft:time_since_death":50709,"minecraft:sleep_in_bed":2,"minecraft:time_since_rest":16097,"minecraft:sprint_one_cm":203715,"minecraft:damage_taken":1162,"minecraft:walk_one_cm":110159,"minecraft:drop":6,"minecraft:damage_dealt":7225,"minecraft:swim_one_cm":11073,"minecraft:talked_to_villager":4,"minecraft:fly_one_cm":222141,"minecraft:open_chest":20,"minecraft:crouch_one_cm":25330,"minecraft:play_time":50709,"minecraft:sneak_time":6183,"minecraft:walk_under_water_one_cm":2195,"minecraft:boat_one_cm":36519,"minecraft:interact_with_brewingstand":1,"minecraft:jump":1362,"minecraft:walk_on_water_one_cm":6937,"minecraft:total_world_time":50709,"minecraft:fall_one_cm":47139},"minecraft:used":{"minecraft:oak_trapdoor":2,"minecraft:water_bucket":17,"minecraft:stone_sword":82,"minecraft:iron_shovel":124,"minecraft:stone_pickaxe":6,"minecraft:spruce_slab":4,"minecraft:stone_shovel":106,"minecraft:oak_planks":48,"minecraft:oak_sign":6,"minecraft:chest":2,"minecraft:spruce_planks":42,"minecraft:wooden_pickaxe":9,"minecraft:composter":3,"minecraft:blue_bed":3,"minecraft:stone_hoe":82,"minecraft:iron_chestplate":1,"minecraft:dirt":197,"minecraft:crafting_table":4,"minecraft:spruce_log":4,"minecraft:spruce_boat":1,"minecraft:wooden_hoe":9,"minecraft:bread":29,"minecraft:iron_pickaxe":110,"minecraft:iron_helmet":1,"minecraft:gravel":8,"minecraft:stone_axe":85,"minecraft:light_gray_wool":1,"minecraft:cobblestone":1,"minecraft:purple_bed":5,"minecraft:bucket":18,"minecraft:cobbled_deepslate":18,"minecraft:potato":21},"minecraft:dropped":{"minecraft:rotten_flesh":2,"minecraft:poppy":1,"minecraft:wooden_hoe":1,"minecraft:spruce_planks":4,"minecraft:spruce_log":13,"minecraft:wooden_pickaxe":1},"minecraft:picked_up":{"minecraft:birch_log":7,"minecraft:crafting_table":3,"minecraft:leather":8,"minecraft:tuff":4,"minecraft:oak_log":14,"minecraft:brewing_stand":1,"minecraft:lapis_lazuli":24,"minecraft:gunpowder":5,"minecraft:string":2,"minecraft:wooden_hoe":1,"minecraft:blue_bed":3,"minecraft:dirt":227,"minecraft:bone":7,"minecraft:oak_sign":5,"minecraft:wheat_seeds":6,"minecraft:cobbled_deepslate":29,"minecraft:raw_gold":2,"minecraft:spruce_planks":5,"minecraft:grindstone":2,"minecraft:iron_ingot":3,"minecraft:beef":26,"minecraft:light_gray_wool":1,"minecraft:poppy":2,"minecraft:birch_sapling":1,"minecraft:sugar_cane":2,"minecraft:oak_planks":5,"minecraft:raw_iron":15,"minecraft:stick":1,"minecraft:sweet_berries":3,"minecraft:composter":2,"minecraft:gravel":8,"minecraft:porkchop":2,"minecraft:spruce_sapling":1,"minecraft:blast_furnace":2,"minecraft:spruce_log":24,"minecraft:redstone":88,"minecraft:spider_eye":1,"minecraft:arrow":1,"minecraft:rotten_flesh":8,"minecraft:purple_bed":7,"minecraft:diamond":10,"minecraft:spruce_boat":1,"minecraft:hay_block":23,"minecraft:oak_sapling":1,"minecraft:mutton":5,"minecraft:coal":21,"minecraft:white_wool":3,"minecraft:cobblestone":12},"minecraft:crafted":{"minecraft:oak_planks":56,"minecraft:stone_shovel":1,"minecraft:oak_sign":3,"minecraft:crafting_table":2,"minecraft:spruce_planks":100,"minecraft:wooden_pickaxe":1,"minecraft:bucket":1,"minecraft:stone_axe":1,"minecraft:bread":64,"minecraft:oak_trapdoor":2,"minecraft:wooden_hoe":1,"minecraft:spruce_slab":18,"minecraft:stick":24,"minecraft:stone_pickaxe":1,"minecraft:stone_sword":1,"minecraft:chest":2,"minecraft:iron_shovel":2,"minecraft:spruce_boat":1,"minecraft:composter":2,"minecraft:stone_hoe":1,"minecraft:wheat":207},"minecraft:killed":{"minecraft:pig":1,"minecraft:zombie_villager":1,"minecraft:spider":1,"minecraft:iron_golem":1,"minecraft:creeper":6,"minecraft:sheep":4,"minecraft:skeleton":5,"minecraft:zombie":11,"minecraft:cow":11}},"DataVersion":3955}