{"stats":{"minecraft:crafted":{"minecraft:oak_planks":8,"minecraft:stone_shovel":1,"minecraft:cooked_porkchop":3,"minecraft:crafting_table":3,"minecraft:wooden_pickaxe":1,"minecraft:furnace":1,"minecraft:mangrove_planks":16,"minecraft:bucket":1,"minecraft:stone_axe":1,"minecraft:jungle_planks":32,"minecraft:bread":222,"minecraft:air":0,"minecraft:stick":48,"minecraft:iron_ingot":2,"minecraft:stone_pickaxe":1,"minecraft:stone_sword":1,"minecraft:chest":1,"minecraft:golden_hoe":1,"minecraft:wheat":666},"minecraft:used":{"minecraft:stone_sword":79,"minecraft:stone_shovel":1,"minecraft:stone_pickaxe":60,"minecraft:mangrove_planks":16,"minecraft:chest":1,"minecraft:wooden_pickaxe":9,"minecraft:netherrack":5,"minecraft:golden_hoe":33,"minecraft:crafting_table":5,"minecraft:obsidian":3,"minecraft:lava_bucket":2,"minecraft:bread":4,"minecraft:jungle_log":1,"minecraft:stone_brick_stairs":2,"minecraft:stone_axe":27,"minecraft:basalt":3,"minecraft:magma_block":1,"minecraft:cobblestone":2,"minecraft:furnace":1,"minecraft:cooked_porkchop":3,"minecraft:bucket":2},"minecraft:custom":{"minecraft:interact_with_furnace":2,"minecraft:mob_kills":25,"minecraft:interact_with_crafting_table":8,"minecraft:leave_game":5,"minecraft:time_since_death":82,"minecraft:sleep_in_bed":1,"minecraft:climb_one_cm":923,"minecraft:time_since_rest":118,"minecraft:sprint_one_cm":77743,"minecraft:damage_taken":555,"minecraft:walk_one_cm":49560,"minecraft:drop":3,"minecraft:damage_dealt":4014,"minecraft:swim_one_cm":1268,"minecraft:talked_to_villager":2,"minecraft:fly_one_cm":101284,"minecraft:open_chest":6,"minecraft:crouch_one_cm":3839,"minecraft:play_time":29467,"minecraft:deaths":1,"minecraft:sneak_time":1090,"minecraft:walk_under_water_one_cm":449,"minecraft:jump":594,"minecraft:walk_on_water_one_cm":2500,"minecraft:total_world_time":29467,"minecraft:fall_one_cm":16516},"minecraft:broken":{"minecraft:golden_hoe":1},"minecraft:dropped":{"minecraft:stone_sword":1,"minecraft:gunpowder":1,"minecraft:wooden_pickaxe":1},"minecraft:killed_by":{"minecraft:blaze":1},"minecraft:killed":{"minecraft:pig":8,"minecraft:iron_golem":1,"minecraft:creeper":1,"minecraft:sheep":7,"minecraft:zombie":2,"minecraft:wither_skeleton":2,"minecraft:blaze":1,"minecraft:cow":3},"minecraft:picked_up":{"minecraft:magma_block":1,"minecraft:crafting_table":2,"minecraft:basalt":4,"minecraft:jungle_log":9,"minecraft:leather":4,"minecraft:stone_brick_stairs":2,"minecraft:oak_log":4,"minecraft:gunpowder":1,"minecraft:dirt":7,"minecraft:bone":2,"minecraft:beef":5,"minecraft:iron_ingot":3,"minecraft:mangrove_planks":9,"minecraft:mangrove_log":4,"minecraft:furnace":1,"minecraft:porkchop":17,"minecraft:stone_sword":2,"minecraft:rotten_flesh":1,"minecraft:hay_block":74,"minecraft:blaze_rod":1,"minecraft:netherrack":5,"minecraft:cobblestone":23,"minecraft:mutton":10,"minecraft:coal":44,"minecraft:white_wool":7},"minecraft:mined":{"minecraft:basalt":4,"minecraft:crafting_table":2,"minecraft:short_grass":9,"minecraft:grass_block":2,"minecraft:jungle_log":9,"minecraft:tall_grass":2,"minecraft:hay_block":75,"minecraft:magma_block":1,"minecraft:furnace":1,"minecraft:fire":3,"minecraft:mangrove_planks":9,"minecraft:mangrove_leaves":3,"minecraft:stone_brick_stairs":2,"minecraft:coal_ore":31,"minecraft:oak_log":4,"minecraft:dirt":5,"minecraft:mangrove_log":4,"minecraft:stone":23,"minecraft:netherrack":7,"minecraft:oak_leaves":3}},"DataVersion":3955}