{"stats":{"minecraft:used":{"minecraft:water_bucket":1,"minecraft:stone_sword":17,"minecraft:stone_shovel":114,"minecraft:stone_pickaxe":28,"minecraft:oak_planks":85,"minecraft:wooden_pickaxe":18,"minecraft:composter":1,"minecraft:sugar_cane":10,"minecraft:dirt":103,"minecraft:crafting_table":3,"minecraft:white_bed":7,"minecraft:smoker":1,"minecraft:oak_log":3,"minecraft:stone_axe":90,"minecraft:cooked_porkchop":2,"minecraft:bucket":1,"minecraft:yellow_bed":6},"minecraft:picked_up":{"minecraft:leather":5,"minecraft:oak_log":33,"minecraft:yellow_bed":6,"minecraft:dirt":115,"minecraft:stonecutter":1,"minecraft:wheat_seeds":3,"minecraft:beef":24,"minecraft:iron_ingot":4,"minecraft:fletching_table":1,"minecraft:sugar_cane":10,"minecraft:oak_planks":5,"minecraft:stick":5,"minecraft:composter":2,"minecraft:oak_fence":2,"minecraft:porkchop":22,"minecraft:blast_furnace":1,"minecraft:white_bed":7,"minecraft:rotten_flesh":1,"minecraft:hay_block":16,"minecraft:oak_sapling":4,"minecraft:coal":27,"minecraft:cobblestone":17},"minecraft:killed":{"minecraft:pig":12,"minecraft:iron_golem":1,"minecraft:zombie":1,"minecraft:cow":10},"minecraft:custom":{"minecraft:mob_kills":24,"minecraft:interact_with_crafting_table":4,"minecraft:time_since_death":17039,"minecraft:time_since_rest":17039,"minecraft:sprint_one_cm":68428,"minecraft:walk_one_cm":55429,"minecraft:drop":1,"minecraft:damage_dealt":3400,"minecraft:swim_one_cm":879,"minecraft:talked_to_villager":1,"minecraft:fly_one_cm":97174,"minecraft:open_chest":3,"minecraft:crouch_one_cm":9297,"minecraft:play_time":17039,"minecraft:sneak_time":1805,"minecraft:walk_under_water_one_cm":141,"minecraft:jump":418,"minecraft:walk_on_water_one_cm":1056,"minecraft:total_world_time":17039,"minecraft:interact_with_smoker":2,"minecraft:fall_one_cm":10922},"minecraft:dropped":{"minecraft:wooden_pickaxe":1},"minecraft:mined":{"minecraft:white_bed":7,"minecraft:oak_fence":2,"minecraft:crafting_table":1,"minecraft:short_grass":8,"minecraft:blast_furnace":1,"minecraft:grass_block":57,"minecraft:sugar_cane":6,"minecraft:composter":2,"minecraft:oak_planks":6,"minecraft:hay_block":16,"minecraft:fire":1,"minecraft:fletching_table":1,"minecraft:yellow_bed":6,"minecraft:oak_log":34,"minecraft:coal_ore":27,"minecraft:dirt_path":45,"minecraft:dirt":14,"minecraft:stonecutter":1,"minecraft:stone":17,"minecraft:oak_leaves":10},"minecraft:crafted":{"minecraft:oak_planks":104,"minecraft:stone_shovel":1,"minecraft:cooked_porkchop":8,"minecraft:crafting_table":3,"minecraft:wooden_pickaxe":1,"minecraft:furnace":1,"minecraft:bucket":1,"minecraft:stone_axe":1,"minecraft:air":0,"minecraft:wooden_hoe":1,"minecraft:stick":12,"minecraft:stone_pickaxe":1,"minecraft:stone_sword":1,"minecraft:smoker":1}},"DataVersion":3955}