{"stats":{"minecraft:mined":{"minecraft:white_bed":1,"minecraft:brewing_stand":1,"minecraft:crafting_table":2,"minecraft:short_grass":4,"minecraft:blast_furnace":1,"minecraft:grass_block":2,"minecraft:sugar_cane":13,"minecraft:composter":2,"minecraft:hay_block":48,"minecraft:wheat":1,"minecraft:yellow_bed":1,"minecraft:oak_log":6,"minecraft:water_cauldron":4,"minecraft:dirt":3,"minecraft:sand":9,"minecraft:gravel":1,"minecraft:stone":19,"minecraft:oak_leaves":1},"minecraft:custom":{"minecraft:mob_kills":19,"minecraft:interact_with_crafting_table":3,"minecraft:time_since_death":28935,"minecraft:time_since_rest":28935,"minecraft:sprint_one_cm":64622,"minecraft:damage_taken":304,"minecraft:walk_one_cm":23587,"minecraft:drop":12,"minecraft:damage_dealt":1780,"minecraft:swim_one_cm":39917,"minecraft:fly_one_cm":105775,"minecraft:open_chest":13,"minecraft:crouch_one_cm":665,"minecraft:play_time":28935,"minecraft:sneak_time":441,"minecraft:walk_under_water_one_cm":5533,"minecraft:boat_one_cm":347356,"minecraft:jump":422,"minecraft:walk_on_water_one_cm":7376,"minecraft:total_world_time":28935,"minecraft:fall_one_cm":14089},"minecraft:used":{"minecraft:leather_leggings":2,"minecraft:stone_shovel":1,"minecraft:stone_pickaxe":6,"minecraft:wooden_pickaxe":19,"minecraft:iron_sword":19,"minecraft:sugar_cane":26,"minecraft:cooked_salmon":3,"minecraft:stone_hoe":48,"minecraft:dirt":4,"minecraft:sand":3,"minecraft:crafting_table":2,"minecraft:carrot":2,"minecraft:suspicious_stew":2,"minecraft:map":2,"minecraft:stone_axe":18,"minecraft:oak_boat":3},"minecraft:dropped":{"minecraft:bowl":1,"minecraft:oak_planks":18,"minecraft:stick":1,"minecraft:filled_map":4,"minecraft:dirt":1,"minecraft:leather_boots":1,"minecraft:leather_leggings":1,"minecraft:sand":3,"minecraft:wooden_pickaxe":1},"minecraft:picked_up":{"minecraft:crafting_table":2,"minecraft:wheat":1,"minecraft:leather":15,"minecraft:oak_log":6,"minecraft:brewing_stand":1,"minecraft:yellow_bed":1,"minecraft:dirt":5,"minecraft:wheat_seeds":2,"minecraft:beef":22,"minecraft:oak_boat":3,"minecraft:sugar_cane":26,"minecraft:oak_planks":18,"minecraft:composter":2,"minecraft:gravel":1,"minecraft:sand":6,"minecraft:porkchop":4,"minecraft:blast_furnace":1,"minecraft:white_bed":1,"minecraft:cauldron":4,"minecraft:hay_block":48,"minecraft:mutton":7,"minecraft:white_wool":6,"minecraft:cobblestone":19},"minecraft:crafted":{"minecraft:oak_planks":24,"minecraft:stone_shovel":1,"minecraft:crafting_table":1,"minecraft:wooden_pickaxe":1,"minecraft:stone_axe":1,"minecraft:oak_boat":1,"minecraft:stick":12,"minecraft:stone_pickaxe":1,"minecraft:stone_sword":1,"minecraft:stone_hoe":1},"minecraft:killed":{"minecraft:pig":2,"minecraft:sheep":6,"minecraft:cow":11}},"DataVersion":3955}