{"stats":{"minecraft:mined":{"minecraft:oak_slab":7,"minecraft:white_bed":17,"minecraft:smoker":1,"minecraft:oak_fence":9,"minecraft:crafting_table":1,"minecraft:torch":1,"minecraft:short_grass":10,"minecraft:blast_furnace":1,"minecraft:grass_block":113,"minecraft:cobblestone":4,"minecraft:composter":2,"minecraft:sugar_cane":20,"minecraft:oak_planks":18,"minecraft:hay_block":16,"minecraft:oak_trapdoor":4,"minecraft:carrots":15,"minecraft:wheat":2,"minecraft:fire":1,"minecraft:fletching_table":1,"minecraft:yellow_bed":17,"minecraft:potatoes":10,"minecraft:oak_log":42,"minecraft:coal_ore":27,"minecraft:beetroots":2,"minecraft:dirt_path":56,"minecraft:gravel":79,"minecraft:dirt":107,"minecraft:stripped_oak_log":3,"minecraft:stonecutter":1,"minecraft:stone":17,"minecraft:oak_leaves":10},"minecraft:broken":{"minecraft:stone_axe":1,"minecraft:wooden_hoe":1,"minecraft:stone_shovel":1},"minecraft:custom":{"minecraft:mob_kills":27,"minecraft:interact_with_crafting_table":16,"minecraft:time_since_death":112561,"minecraft:sleep_in_bed":1,"minecraft:time_since_rest":3870,"minecraft:sprint_one_cm":145223,"minecraft:damage_taken":40,"minecraft:walk_one_cm":156814,"minecraft:drop":8,"minecraft:damage_dealt":4000,"minecraft:swim_one_cm":1854,"minecraft:talked_to_villager":56,"minecraft:fly_one_cm":193167,"minecraft:open_chest":5,"minecraft:crouch_one_cm":21157,"minecraft:play_time":112561,"minecraft:sneak_time":5180,"minecraft:walk_under_water_one_cm":4496,"minecraft:boat_one_cm":155,"minecraft:jump":1030,"minecraft:walk_on_water_one_cm":8506,"minecraft:total_world_time":112561,"minecraft:interact_with_smoker":4,"minecraft:fall_one_cm":24140},"minecraft:used":{"minecraft:oak_trapdoor":4,"minecraft:oak_fence":4,"minecraft:water_bucket":10,"minecraft:stone_sword":20,"minecraft:iron_shovel":218,"minecraft:stone_pickaxe":33,"minecraft:stone_shovel":132,"minecraft:oak_planks":86,"minecraft:chest":2,"minecraft:wooden_pickaxe":18,"minecraft:composter":2,"minecraft:sugar_cane":33,"minecraft:fletching_table":6,"minecraft:torch":4,"minecraft:dirt":251,"minecraft:oak_slab":21,"minecraft:crafting_table":3,"minecraft:blast_furnace":1,"minecraft:white_bed":12,"minecraft:smoker":2,"minecraft:oak_log":3,"minecraft:wooden_hoe":80,"minecraft:bread":1,"minecraft:gravel":67,"minecraft:stone_axe":144,"minecraft:cobblestone":1,"minecraft:cooked_porkchop":4,"minecraft:bucket":11,"minecraft:yellow_bed":15,"minecraft:oak_boat":1,"minecraft:potato":46},"minecraft:dropped":{"minecraft:wheat_seeds":6,"minecraft:wheat":1,"minecraft:beetroot":1,"minecraft:dirt":1,"minecraft:beetroot_seeds":10,"minecraft:wooden_pickaxe":1},"minecraft:picked_up":{"minecraft:stripped_oak_log":3,"minecraft:wheat":1,"minecraft:leather":5,"minecraft:smoker":1,"minecraft:potato":32,"minecraft:flint":10,"minecraft:oak_log":40,"minecraft:yellow_bed":17,"minecraft:dirt":252,"minecraft:oak_trapdoor":4,"minecraft:beetroot":1,"minecraft:stonecutter":1,"minecraft:wheat_seeds":6,"minecraft:beef":24,"minecraft:iron_ingot":4,"minecraft:fletching_table":1,"minecraft:sugar_cane":33,"minecraft:oak_planks":17,"minecraft:oak_slab":4,"minecraft:stick":7,"minecraft:composter":2,"minecraft:oak_fence":9,"minecraft:torch":5,"minecraft:gravel":71,"minecraft:porkchop":22,"minecraft:blast_furnace":1,"minecraft:white_bed":17,"minecraft:carrot":51,"minecraft:rotten_flesh":2,"minecraft:beetroot_seeds":10,"minecraft:hay_block":16,"minecraft:oak_sapling":6,"minecraft:coal":51,"minecraft:cobblestone":21},"minecraft:crafted":{"minecraft:oak_planks":144,"minecraft:oak_slab":18,"minecraft:stone_shovel":1,"minecraft:cooked_porkchop":22,"minecraft:crafting_table":3,"minecraft:wooden_pickaxe":1,"minecraft:furnace":1,"minecraft:fletching_table":5,"minecraft:bucket":1,"minecraft:stone_axe":2,"minecraft:bread":48,"minecraft:air":0,"minecraft:oak_boat":1,"minecraft:wooden_hoe":2,"minecraft:stick":12,"minecraft:stone_pickaxe":1,"minecraft:stone_sword":1,"minecraft:chest":2,"minecraft:iron_shovel":1,"minecraft:wheat":144,"minecraft:smoker":1},"minecraft:killed":{"minecraft:pig":12,"minecraft:iron_golem":1,"minecraft:zombie":3,"minecraft:drowned":1,"minecraft:cow":10}},"DataVersion":3955}