{"stats":{"minecraft:mined":{"minecraft:deepslate_redstone_ore":54,"minecraft:tuff":50,"minecraft:mossy_cobblestone":1,"minecraft:deepslate_diamond_ore":32,"minecraft:twisting_vines_plant":3,"minecraft:basalt":4,"minecraft:sculk_vein":44,"minecraft:obsidian":2,"minecraft:crafting_table":5,"minecraft:nether_bricks":20,"minecraft:cobbled_deepslate_slab":2,"minecraft:short_grass":2,"minecraft:grass_block":1,"minecraft:sculk_sensor":1,"minecraft:copper_ore":1,"minecraft:spruce_leaves":1,"minecraft:deepslate_gold_ore":19,"minecraft:sculk":259,"minecraft:warped_wart_block":2,"minecraft:spawner":1,"minecraft:warped_nylium":8,"minecraft:sculk_catalyst":1,"minecraft:furnace":6,"minecraft:iron_ore":21,"minecraft:cobbled_deepslate":17,"minecraft:spruce_log":5,"minecraft:warped_fungus":1,"minecraft:deepslate_lapis_ore":4,"minecraft:oak_log":14,"minecraft:coal_ore":11,"minecraft:deepslate_iron_ore":26,"minecraft:gravel":5,"minecraft:dirt":6,"minecraft:netherrack":27,"minecraft:stone":51,"minecraft:gold_ore":3,"minecraft:oak_leaves":3,"minecraft:deepslate":975},"minecraft:broken":{"minecraft:iron_pickaxe":1},"minecraft:custom":{"minecraft:interact_with_furnace":35,"minecraft:mob_kills":50,"minecraft:interact_with_crafting_table":22,"minecraft:leave_game":1,"minecraft:time_since_death":104923,"minecraft:climb_one_cm":1836,"minecraft:time_since_rest":104923,"minecraft:sprint_one_cm":148329,"minecraft:damage_taken":1756,"minecraft:walk_one_cm":229773,"minecraft:damage_blocked_by_shield":1519,"minecraft:drop":7,"minecraft:damage_dealt":11819,"minecraft:swim_one_cm":15844,"minecraft:fly_one_cm":172241,"minecraft:open_chest":19,"minecraft:crouch_one_cm":27741,"minecraft:play_time":104923,"minecraft:sneak_time":8573,"minecraft:walk_under_water_one_cm":6150,"minecraft:boat_one_cm":155,"minecraft:jump":1510,"minecraft:walk_on_water_one_cm":9414,"minecraft:total_world_time":104923,"minecraft:fall_one_cm":47083},"minecraft:used":{"minecraft:water_bucket":26,"minecraft:stone_sword":72,"minecraft:diamond_boots":1,"minecraft:stone_pickaxe":54,"minecraft:oak_planks":1,"minecraft:chest":2,"minecraft:wooden_pickaxe":13,"minecraft:shield":10,"minecraft:diamond_axe":14,"minecraft:stone_hoe":75,"minecraft:netherrack":30,"minecraft:dirt":6,"minecraft:crafting_table":6,"minecraft:nether_bricks":20,"minecraft:diamond_helmet":1,"minecraft:obsidian":1,"minecraft:iron_hoe":235,"minecraft:diamond_pickaxe":1024,"minecraft:lava_bucket":14,"minecraft:iron_pickaxe":250,"minecraft:gravel":1,"minecraft:basalt":2,"minecraft:stone_axe":45,"minecraft:diamond_sword":50,"minecraft:cobblestone":16,"minecraft:cobbled_deepslate_slab":13,"minecraft:furnace":9,"minecraft:bucket":40,"minecraft:oak_boat":26,"minecraft:diamond_leggings":1,"minecraft:cooked_beef":20,"minecraft:cobbled_deepslate":79},"minecraft:dropped":{"minecraft:twisting_vines":6,"minecraft:cobbled_deepslate":7,"minecraft:mossy_cobblestone":1,"minecraft:iron_hoe":1,"minecraft:dirt":1,"minecraft:wooden_pickaxe":1},"minecraft:picked_up":{"minecraft:basalt":4,"minecraft:crafting_table":5,"minecraft:cooked_beef":2,"minecraft:leather":9,"minecraft:potato":1,"minecraft:oak_log":14,"minecraft:tuff":50,"minecraft:gunpowder":2,"minecraft:lapis_lazuli":29,"minecraft:dirt":7,"minecraft:string":10,"minecraft:raw_copper":2,"minecraft:twisting_vines":6,"minecraft:cobbled_deepslate":563,"minecraft:raw_gold":22,"minecraft:cobbled_deepslate_slab":2,"minecraft:iron_ingot":22,"minecraft:beef":20,"minecraft:oak_boat":26,"minecraft:oak_planks":1,"minecraft:furnace":6,"minecraft:raw_iron":45,"minecraft:warped_wart_block":1,"minecraft:gravel":1,"minecraft:spruce_sapling":3,"minecraft:spruce_log":5,"minecraft:redstone":232,"minecraft:spider_eye":1,"minecraft:mossy_cobblestone":1,"minecraft:rotten_flesh":14,"minecraft:diamond":32,"minecraft:nether_bricks":20,"minecraft:netherrack":33,"minecraft:warped_nylium":5,"minecraft:warped_roots":5,"minecraft:oak_sapling":1,"minecraft:obsidian":2,"minecraft:coal":17,"minecraft:cobblestone":50,"minecraft:ender_pearl":11},"minecraft:crafted":{"minecraft:cooked_beef":18,"minecraft:cobbled_deepslate_slab":384,"minecraft:oak_planks":56,"minecraft:diamond_sword":1,"minecraft:diamond_axe":1,"minecraft:crafting_table":2,"minecraft:spruce_planks":20,"minecraft:spruce_button":1,"minecraft:wooden_pickaxe":1,"minecraft:furnace":3,"minecraft:bucket":1,"minecraft:stone_axe":1,"minecraft:air":0,"minecraft:oak_boat":1,"minecraft:diamond_helmet":1,"minecraft:diamond_leggings":1,"minecraft:diamond_pickaxe":1,"minecraft:shield":1,"minecraft:iron_hoe":1,"minecraft:stick":24,"minecraft:iron_ingot":23,"minecraft:stone_pickaxe":1,"minecraft:iron_pickaxe":1,"minecraft:stone_sword":1,"minecraft:chest":2,"minecraft:diamond_boots":1,"minecraft:gold_ingot":4,"minecraft:stone_hoe":1,"minecraft:golden_boots":1,"minecraft:diamond_chestplate":1},"minecraft:killed":{"minecraft:magma_cube":1,"minecraft:zombie_villager":1,"minecraft:spider":9,"minecraft:creeper":1,"minecraft:skeleton":3,"minecraft:zombie":11,"minecraft:enderman":15,"minecraft:cow":8}},"DataVersion":3955}