{"stats":{"minecraft:mined":{"minecraft:large_fern":1,"minecraft:hay_block":24,"minecraft:purple_bed":7,"minecraft:sweet_berry_bush":1,"minecraft:spruce_log":7,"minecraft:crafting_table":2,"minecraft:short_grass":4,"minecraft:blast_furnace":2,"minecraft:dirt":1,"minecraft:spruce_leaves":8,"minecraft:stone":9,"minecraft:grindstone":2,"minecraft:sugar_cane":1,"minecraft:oak_leaves":4,"minecraft:blue_bed":2},"minecraft:custom":{"minecraft:time_since_rest":1363,"minecraft:sprint_one_cm":100268,"minecraft:damage_taken":258,"minecraft:walk_one_cm":24180,"minecraft:mob_kills":17,"minecraft:drop":2,"minecraft:damage_dealt":1720,"minecraft:swim_one_cm":9943,"minecraft:interact_with_crafting_table":5,"minecraft:fly_one_cm":111331,"minecraft:open_chest":11,"minecraft:crouch_one_cm":526,"minecraft:play_time":17492,"minecraft:sneak_time":164,"minecraft:walk_under_water_one_cm":745,"minecraft:boat_one_cm":36519,"minecraft:interact_with_brewingstand":1,"minecraft:jump":546,"minecraft:time_since_death":17492,"minecraft:walk_on_water_one_cm":3073,"minecraft:sleep_in_bed":1,"minecraft:total_world_time":17492,"minecraft:fall_one_cm":17977},"minecraft:used":{"minecraft:spruce_boat":1,"minecraft:wooden_hoe":9,"minecraft:stone_sword":41,"minecraft:stone_shovel":1,"minecraft:bread":8,"minecraft:stone_pickaxe":6,"minecraft:iron_pickaxe":1,"minecraft:iron_helmet":1,"minecraft:wooden_pickaxe":9,"minecraft:stone_axe":10,"minecraft:iron_chestplate":1,"minecraft:light_gray_wool":1,"minecraft:dirt":1,"minecraft:purple_bed":1,"minecraft:crafting_table":3},"minecraft:dropped":{"minecraft:rotten_flesh":2,"minecraft:wooden_pickaxe":1},"minecraft:picked_up":{"minecraft:crafting_table":2,"minecraft:sweet_berries":3,"minecraft:leather":8,"minecraft:porkchop":2,"minecraft:spruce_sapling":1,"minecraft:blast_furnace":2,"minecraft:spruce_log":7,"minecraft:blue_bed":2,"minecraft:dirt":1,"minecraft:rotten_flesh":2,"minecraft:purple_bed":7,"minecraft:spruce_boat":1,"minecraft:hay_block":22,"minecraft:beef":26,"minecraft:grindstone":2,"minecraft:light_gray_wool":1,"minecraft:sugar_cane":2,"minecraft:mutton":5,"minecraft:white_wool":3,"minecraft:cobblestone":9},"minecraft:crafted":{"minecraft:stone_shovel":1,"minecraft:wooden_hoe":1,"minecraft:crafting_table":2,"minecraft:spruce_planks":28,"minecraft:stick":12,"minecraft:wooden_pickaxe":1,"minecraft:stone_pickaxe":1,"minecraft:stone_sword":1,"minecraft:spruce_boat":1,"minecraft:stone_axe":1},"minecraft:killed":{"minecraft:sheep":4,"minecraft:zombie":1,"minecraft:pig":1,"minecraft:cow":11}},"DataVersion":3955}