{"stats":{"minecraft:mined":{"minecraft:oak_slab":7,"minecraft:white_bed":17,"minecraft:smoker":1,"minecraft:oak_fence":9,"minecraft:crafting_table":1,"minecraft:torch":1,"minecraft:short_grass":10,"minecraft:blast_furnace":1,"minecraft:grass_block":113,"minecraft:cobblestone":6,"minecraft:composter":2,"minecraft:sugar_cane":20,"minecraft:oak_planks":18,"minecraft:diorite":19,"minecraft:hay_block":16,"minecraft:oak_trapdoor":4,"minecraft:carrots":15,"minecraft:iron_ore":16,"minecraft:wheat":2,"minecraft:fire":1,"minecraft:andesite":1,"minecraft:fletching_table":1,"minecraft:yellow_bed":17,"minecraft:potatoes":10,"minecraft:oak_log":53,"minecraft:coal_ore":45,"minecraft:beetroots":2,"minecraft:dirt_path":56,"minecraft:gravel":79,"minecraft:dirt":107,"minecraft:stripped_oak_log":3,"minecraft:stonecutter":1,"minecraft:stone":32,"minecraft:oak_leaves":10},"minecraft:broken":{"minecraft:stone_axe":1,"minecraft:wooden_hoe":1,"minecraft:stone_shovel":1},"minecraft:custom":{"minecraft:mob_kills":39,"minecraft:interact_with_crafting_table":16,"minecraft:leave_game":1,"minecraft:time_since_death":0,"minecraft:sleep_in_bed":1,"minecraft:time_since_rest":57,"minecraft:sprint_one_cm":173266,"minecraft:damage_taken":640,"minecraft:walk_one_cm":176109,"minecraft:drop":9,"minecraft:damage_dealt":6250,"minecraft:swim_one_cm":3602,"minecraft:talked_to_villager":57,"minecraft:fly_one_cm":228212,"minecraft:open_chest":8,"minecraft:crouch_one_cm":25391,"minecraft:play_time":125707,"minecraft:deaths":1,"minecraft:sneak_time":6728,"minecraft:walk_under_water_one_cm":5244,"minecraft:boat_one_cm":155,"minecraft:jump":1285,"minecraft:walk_on_water_one_cm":12888,"minecraft:total_world_time":125707,"minecraft:interact_with_smoker":5,"minecraft:fall_one_cm":31693},"minecraft:used":{"minecraft:oak_trapdoor":4,"minecraft:oak_fence":4,"minecraft:water_bucket":15,"minecraft:stone_sword":38,"minecraft:iron_shovel":218,"minecraft:stone_pickaxe":104,"minecraft:stone_shovel":132,"minecraft:oak_planks":86,"minecraft:chest":2,"minecraft:wooden_pickaxe":18,"minecraft:composter":2,"minecraft:sugar_cane":33,"minecraft:fletching_table":6,"minecraft:torch":4,"minecraft:dirt":251,"minecraft:oak_slab":21,"minecraft:crafting_table":3,"minecraft:blast_furnace":1,"minecraft:white_bed":12,"minecraft:smoker":2,"minecraft:oak_log":3,"minecraft:wooden_hoe":80,"minecraft:bread":3,"minecraft:gravel":67,"minecraft:stone_axe":171,"minecraft:cobblestone":3,"minecraft:cooked_porkchop":8,"minecraft:bucket":16,"minecraft:yellow_bed":15,"minecraft:oak_boat":1,"minecraft:potato":46},"minecraft:dropped":{"minecraft:wheat_seeds":6,"minecraft:wheat":1,"minecraft:beetroot":1,"minecraft:dirt":2,"minecraft:beetroot_seeds":10,"minecraft:wooden_pickaxe":1},"minecraft:picked_up":{"minecraft:stripped_oak_log":3,"minecraft:wheat":1,"minecraft:andesite":1,"minecraft:leather":6,"minecraft:smoker":1,"minecraft:potato":32,"minecraft:flint":10,"minecraft:oak_log":51,"minecraft:yellow_bed":17,"minecraft:gunpowder":6,"minecraft:dirt":253,"minecraft:oak_trapdoor":4,"minecraft:beetroot":1,"minecraft:stonecutter":1,"minecraft:wheat_seeds":6,"minecraft:beef":26,"minecraft:iron_ingot":4,"minecraft:fletching_table":1,"minecraft:sugar_cane":33,"minecraft:oak_planks":17,"minecraft:oak_slab":4,"minecraft:stick":7,"minecraft:raw_iron":15,"minecraft:composter":2,"minecraft:oak_fence":9,"minecraft:torch":5,"minecraft:gravel":71,"minecraft:porkchop":22,"minecraft:blast_furnace":1,"minecraft:diorite":19,"minecraft:white_bed":17,"minecraft:carrot":51,"minecraft:rotten_flesh":4,"minecraft:beetroot_seeds":10,"minecraft:hay_block":16,"minecraft:oak_sapling":6,"minecraft:coal":68,"minecraft:cobblestone":41},"minecraft:crafted":{"minecraft:cooked_beef":18,"minecraft:oak_planks":144,"minecraft:oak_slab":18,"minecraft:stone_shovel":1,"minecraft:cooked_porkchop":22,"minecraft:crafting_table":3,"minecraft:wooden_pickaxe":1,"minecraft:furnace":1,"minecraft:fletching_table":5,"minecraft:bucket":1,"minecraft:stone_axe":2,"minecraft:bread":48,"minecraft:air":0,"minecraft:oak_boat":1,"minecraft:wooden_hoe":2,"minecraft:stick":12,"minecraft:stone_pickaxe":1,"minecraft:stone_sword":1,"minecraft:chest":2,"minecraft:iron_shovel":1,"minecraft:wheat":144,"minecraft:smoker":1},"minecraft:killed_by":{"minecraft:zombie":1},"minecraft:killed":{"minecraft:pig":12,"minecraft:iron_golem":1,"minecraft:creeper":4,"minecraft:zombie":10,"minecraft:drowned":1,"minecraft:cow":11}},"DataVersion":3955}