{"stats":{"minecraft:mined":{"minecraft:deepslate_redstone_ore":4,"minecraft:furnace":3,"minecraft:iron_ore":21,"minecraft:spruce_log":5,"minecraft:deepslate_lapis_ore":4,"minecraft:crafting_table":2,"minecraft:short_grass":2,"minecraft:coal_ore":11,"minecraft:grass_block":1,"minecraft:oak_log":14,"minecraft:deepslate_iron_ore":22,"minecraft:gravel":1,"minecraft:dirt":6,"minecraft:copper_ore":1,"minecraft:spruce_leaves":1,"minecraft:deepslate_gold_ore":4,"minecraft:stone":51,"minecraft:gold_ore":3,"minecraft:deepslate":2,"minecraft:oak_leaves":3},"minecraft:custom":{"minecraft:time_since_rest":16082,"minecraft:interact_with_furnace":15,"minecraft:sprint_one_cm":32531,"minecraft:damage_taken":220,"minecraft:walk_one_cm":29064,"minecraft:damage_blocked_by_shield":688,"minecraft:mob_kills":9,"minecraft:drop":1,"minecraft:damage_dealt":910,"minecraft:fly_one_cm":39422,"minecraft:swim_one_cm":14251,"minecraft:interact_with_crafting_table":11,"minecraft:crouch_one_cm":6313,"minecraft:play_time":16082,"minecraft:sneak_time":1843,"minecraft:walk_under_water_one_cm":2453,"minecraft:jump":261,"minecraft:time_since_death":16082,"minecraft:walk_on_water_one_cm":3187,"minecraft:total_world_time":16082,"minecraft:fall_one_cm":16612},"minecraft:used":{"minecraft:stone_sword":2,"minecraft:stone_pickaxe":47,"minecraft:iron_pickaxe":70,"minecraft:shield":2,"minecraft:wooden_pickaxe":13,"minecraft:gravel":1,"minecraft:stone_axe":31,"minecraft:dirt":6,"minecraft:cobblestone":16,"minecraft:crafting_table":3,"minecraft:furnace":3,"minecraft:cooked_beef":3},"minecraft:dropped":{"minecraft:wooden_pickaxe":1},"minecraft:picked_up":{"minecraft:raw_iron":41,"minecraft:crafting_table":2,"minecraft:cooked_beef":2,"minecraft:leather":9,"minecraft:gravel":1,"minecraft:redstone":17,"minecraft:oak_log":14,"minecraft:spruce_sapling":3,"minecraft:lapis_lazuli":29,"minecraft:spruce_log":5,"minecraft:dirt":7,"minecraft:raw_copper":2,"minecraft:rotten_flesh":1,"minecraft:cobbled_deepslate":2,"minecraft:raw_gold":7,"minecraft:iron_ingot":1,"minecraft:beef":20,"minecraft:oak_sapling":1,"minecraft:coal":17,"minecraft:cobblestone":50,"minecraft:furnace":3},"minecraft:crafted":{"minecraft:cooked_beef":18,"minecraft:oak_planks":56,"minecraft:shield":1,"minecraft:crafting_table":1,"minecraft:spruce_planks":20,"minecraft:stick":12,"minecraft:iron_pickaxe":1,"minecraft:iron_ingot":4,"minecraft:spruce_button":1,"minecraft:wooden_pickaxe":1,"minecraft:stone_pickaxe":1,"minecraft:stone_sword":1,"minecraft:furnace":3,"minecraft:stone_hoe":1,"minecraft:stone_axe":1,"minecraft:air":0},"minecraft:killed":{"minecraft:zombie":1,"minecraft:cow":8}},"DataVersion":3955}