{"stats":{"minecraft:crafted":{"minecraft:stone_shovel":1,"minecraft:cooked_porkchop":3,"minecraft:crafting_table":2,"minecraft:stick":48,"minecraft:iron_ingot":2,"minecraft:wooden_pickaxe":1,"minecraft:stone_pickaxe":1,"minecraft:stone_sword":1,"minecraft:furnace":1,"minecraft:mangrove_planks":16,"minecraft:stone_axe":1,"minecraft:golden_hoe":1,"minecraft:air":0,"minecraft:jungle_planks":32},"minecraft:used":{"minecraft:stone_sword":62,"minecraft:stone_pickaxe":46,"minecraft:stone_shovel":1,"minecraft:mangrove_planks":3,"minecraft:jungle_log":1,"minecraft:wooden_pickaxe":9,"minecraft:stone_axe":10,"minecraft:golden_hoe":33,"minecraft:cobblestone":2,"minecraft:crafting_table":3,"minecraft:furnace":1,"minecraft:cooked_porkchop":3,"minecraft:obsidian":3},"minecraft:custom":{"minecraft:time_since_rest":20244,"minecraft:interact_with_furnace":2,"minecraft:sprint_one_cm":45036,"minecraft:damage_taken":270,"minecraft:walk_one_cm":26637,"minecraft:mob_kills":19,"minecraft:drop":2,"minecraft:damage_dealt":3114,"minecraft:talked_to_villager":2,"minecraft:swim_one_cm":1268,"minecraft:interact_with_crafting_table":5,"minecraft:fly_one_cm":64621,"minecraft:open_chest":4,"minecraft:crouch_one_cm":2558,"minecraft:play_time":20244,"minecraft:sneak_time":801,"minecraft:walk_under_water_one_cm":449,"minecraft:jump":388,"minecraft:leave_game":4,"minecraft:time_since_death":20244,"minecraft:walk_on_water_one_cm":2500,"minecraft:climb_one_cm":923,"minecraft:total_world_time":20244,"minecraft:fall_one_cm":10885},"minecraft:broken":{"minecraft:golden_hoe":1},"minecraft:dropped":{"minecraft:gunpowder":1,"minecraft:wooden_pickaxe":1},"minecraft:killed":{"minecraft:sheep":7,"minecraft:zombie":2,"minecraft:pig":5,"minecraft:iron_golem":1,"minecraft:creeper":1,"minecraft:cow":3},"minecraft:picked_up":{"minecraft:crafting_table":1,"minecraft:jungle_log":9,"minecraft:leather":4,"minecraft:porkchop":9,"minecraft:gunpowder":1,"minecraft:dirt":7,"minecraft:rotten_flesh":1,"minecraft:iron_ingot":3,"minecraft:hay_block":74,"minecraft:beef":5,"minecraft:mangrove_planks":3,"minecraft:mangrove_log":4,"minecraft:coal":42,"minecraft:mutton":10,"minecraft:white_wool":7,"minecraft:cobblestone":23,"minecraft:furnace":1},"minecraft:mined":{"minecraft:hay_block":75,"minecraft:furnace":1,"minecraft:mangrove_planks":3,"minecraft:mangrove_leaves":3,"minecraft:crafting_table":1,"minecraft:short_grass":8,"minecraft:grass_block":2,"minecraft:coal_ore":31,"minecraft:jungle_log":9,"minecraft:dirt":5,"minecraft:mangrove_log":4,"minecraft:tall_grass":2,"minecraft:stone":23,"minecraft:oak_leaves":1}},"DataVersion":3955}