{"stats":{"minecraft:crafted":{"minecraft:oak_planks":240,"minecraft:cobblestone_slab":198,"minecraft:stone_shovel":1,"minecraft:tripwire_hook":4,"minecraft:blaze_powder":12,"minecraft:furnace":5,"minecraft:lever":1,"minecraft:flint_and_steel":1,"minecraft:oak_trapdoor":10,"minecraft:bow":5,"minecraft:diamond_helmet":1,"minecraft:diamond_leggings":1,"minecraft:iron_boots":1,"minecraft:iron_axe":1,"minecraft:stone_pickaxe":1,"minecraft:chest":1,"minecraft:diamond_boots":1,"minecraft:stone_hoe":1,"minecraft:ender_eye":12,"minecraft:golden_boots":1,"minecraft:wheat":324,"minecraft:oak_slab":6,"minecraft:crimson_planks":28,"minecraft:diamond_sword":1,"minecraft:arrow":80,"minecraft:emerald":5,"minecraft:crafting_table":4,"minecraft:wooden_pickaxe":1,"minecraft:iron_sword":2,"minecraft:fletching_table":1,"minecraft:bucket":1,"minecraft:stone_axe":1,"minecraft:glowstone":2,"minecraft:bread":108,"minecraft:air":0,"minecraft:oak_boat":2,"minecraft:diamond_pickaxe":2,"minecraft:shield":1,"minecraft:stick":208,"minecraft:iron_ingot":29,"minecraft:iron_pickaxe":3,"minecraft:stone_sword":1,"minecraft:iron_leggings":1,"minecraft:gold_ingot":4,"minecraft:shears":1,"minecraft:diamond_chestplate":1},"minecraft:used":{"minecraft:oak_trapdoor":16,"minecraft:stone_sword":128,"minecraft:flint_and_steel":1,"minecraft:stone_shovel":42,"minecraft:chest":1,"minecraft:shield":35,"minecraft:iron_sword":283,"minecraft:bell":4,"minecraft:stone_hoe":52,"minecraft:netherrack":180,"minecraft:torch":4,"minecraft:dirt":42,"minecraft:nether_bricks":3,"minecraft:tuff":12,"minecraft:obsidian":10,"minecraft:granite":9,"minecraft:lava_bucket":209,"minecraft:iron_axe":127,"minecraft:crimson_planks":21,"minecraft:barrel":3,"minecraft:tripwire_hook":10,"minecraft:bow":8,"minecraft:soul_soil":3,"minecraft:furnace":5,"minecraft:cobbled_deepslate":194,"minecraft:golden_boots":5,"minecraft:iron_ore":1,"minecraft:water_bucket":167,"minecraft:diamond_boots":5,"minecraft:stone_pickaxe":7,"minecraft:oak_planks":73,"minecraft:orange_tulip":2,"minecraft:wooden_pickaxe":18,"minecraft:fletching_table":2,"minecraft:cobblestone_slab":167,"minecraft:white_bed":9,"minecraft:oak_slab":7,"minecraft:crafting_table":9,"minecraft:shears":43,"minecraft:oak_log":3,"minecraft:lever":1,"minecraft:diamond_pickaxe":1915,"minecraft:bread":111,"minecraft:string":58,"minecraft:iron_pickaxe":750,"minecraft:gravel":33,"minecraft:stone_axe":102,"minecraft:nether_wart_block":2,"minecraft:cobblestone":78,"minecraft:andesite":2,"minecraft:bucket":377,"minecraft:yellow_bed":3,"minecraft:oak_boat":42},"minecraft:custom":{"minecraft:interact_with_anvil":1,"minecraft:mob_kills":144,"minecraft:interact_with_crafting_table":49,"minecraft:open_barrel":101,"minecraft:bell_ring":99,"minecraft:leave_game":2,"minecraft:time_since_death":313007,"minecraft:climb_one_cm":1071,"minecraft:sprint_one_cm":730222,"minecraft:walk_one_cm":582871,"minecraft:damage_blocked_by_shield":2777,"minecraft:drop":83,"minecraft:talked_to_villager":13,"minecraft:play_time":313007,"minecraft:sneak_time":27196,"minecraft:walk_under_water_one_cm":20484,"minecraft:boat_one_cm":126777,"minecraft:jump":5761,"minecraft:walk_on_water_one_cm":46719,"minecraft:total_world_time":313007,"minecraft:interact_with_furnace":27,"minecraft:traded_with_villager":10,"minecraft:sleep_in_bed":9,"minecraft:time_since_rest":84344,"minecraft:damage_taken":4056,"minecraft:damage_dealt":31254,"minecraft:swim_one_cm":19174,"minecraft:fly_one_cm":914553,"minecraft:open_chest":36,"minecraft:crouch_one_cm":97109,"minecraft:fall_one_cm":135847},"minecraft:broken":{"minecraft:stone_sword":1,"minecraft:stone_axe":1,"minecraft:iron_sword":1,"minecraft:iron_pickaxe":3},"minecraft:dropped":{"minecraft:golden_boots":1,"minecraft:wheat_seeds":10,"minecraft:oak_log":10,"minecraft:iron_helmet":2,"minecraft:cobblestone":47,"minecraft:warped_roots":6,"minecraft:granite":2,"minecraft:activator_rail":3,"minecraft:rail":2,"minecraft:flint":1,"minecraft:stick":8,"minecraft:dirt":10,"minecraft:diorite":1,"minecraft:crimson_roots":1,"minecraft:iron_leggings":2,"minecraft:pink_tulip":1,"minecraft:bone":1,"minecraft:gravel":15,"minecraft:furnace":1,"minecraft:warped_nylium":5,"minecraft:cobbled_deepslate":133,"minecraft:tuff":64,"minecraft:raw_iron":1,"minecraft:stone_shovel":2,"minecraft:rotten_flesh":59,"minecraft:oak_planks":3,"minecraft:iron_boots":2,"minecraft:glowstone_dust":2,"minecraft:poppy":3,"minecraft:diamond_pickaxe":1,"minecraft:iron_chestplate":2,"minecraft:andesite":6,"minecraft:oak_sapling":3,"minecraft:spider_eye":1,"minecraft:bow":3,"minecraft:stone_pickaxe":2,"minecraft:wooden_pickaxe":1,"minecraft:netherrack":61,"minecraft:egg":1},"minecraft:killed":{"minecraft:cave_spider":1,"minecraft:spider":11,"minecraft:skeleton":21,"minecraft:magma_cube":4,"minecraft:piglin":1,"minecraft:pig":1,"minecraft:iron_golem":2,"minecraft:hoglin":1,"minecraft:creeper":9,"minecraft:sheep":9,"minecraft:zombie":26,"minecraft:wither_skeleton":9,"minecraft:blaze":20,"minecraft:enderman":23,"minecraft:cow":3},"minecraft:picked_up":{"minecraft:iron_chestplate":1,"minecraft:crafting_table":6,"minecraft:nether_wart":37,"minecraft:brown_mushroom":31,"minecraft:gold_block":1,"minecraft:string":88,"minecraft:oak_trapdoor":10,"minecraft:soul_soil":3,"minecraft:iron_leggings":1,"minecraft:cobbled_deepslate":370,"minecraft:deepslate_diamond_ore":14,"minecraft:beef":7,"minecraft:oak_boat":41,"minecraft:poppy":3,"minecraft:sugar_cane":22,"minecraft:furnace":1,"minecraft:iron_boots":1,"minecraft:egg":1,"minecraft:stick":4,"minecraft:raw_iron":145,"minecraft:stone":12,"minecraft:torch":4,"minecraft:porkchop":4,"minecraft:diorite":27,"minecraft:redstone":449,"minecraft:arrow":19,"minecraft:stone_shovel":1,"minecraft:rotten_flesh":40,"minecraft:nether_bricks":3,"minecraft:hay_block":36,"minecraft:pink_tulip":1,"minecraft:glowstone":24,"minecraft:blaze_rod":11,"minecraft:obsidian":14,"minecraft:mutton":10,"minecraft:bone_block":54,"minecraft:rail":59,"minecraft:white_wool":9,"minecraft:cobblestone":268,"minecraft:crimson_stem":7,"minecraft:tripwire_hook":9,"minecraft:andesite":21,"minecraft:leather":3,"minecraft:flint":4,"minecraft:tuff":76,"minecraft:oak_log":73,"minecraft:yellow_bed":4,"minecraft:nether_wart_block":2,"minecraft:gunpowder":10,"minecraft:lapis_lazuli":97,"minecraft:dirt":61,"minecraft:bone":33,"minecraft:bow":8,"minecraft:wheat_seeds":10,"minecraft:orange_tulip":2,"minecraft:raw_gold":23,"minecraft:bell":5,"minecraft:iron_ingot":10,"minecraft:grindstone":1,"minecraft:stone_pickaxe":1,"minecraft:iron_ore":66,"minecraft:fletching_table":1,"minecraft:glowstone_dust":10,"minecraft:oak_planks":18,"minecraft:oak_slab":1,"minecraft:quartz":47,"minecraft:gravel":49,"minecraft:white_bed":13,"minecraft:grass_block":1,"minecraft:spider_eye":1,"minecraft:barrel":1,"minecraft:coal_ore":124,"minecraft:diamond":29,"minecraft:lever":1,"minecraft:iron_helmet":1,"minecraft:granite":12,"minecraft:warped_roots":8,"minecraft:oak_sapling":8,"minecraft:ender_pearl":13,"minecraft:netherrack":241,"minecraft:warped_nylium":7,"minecraft:coal":51,"minecraft:crimson_roots":1,"minecraft:diamond_pickaxe":1},"minecraft:mined":{"minecraft:tuff":103,"minecraft:white_bed":13,"minecraft:deepslate_diamond_ore":43,"minecraft:obsidian":14,"minecraft:nether_bricks":4,"minecraft:granite":13,"minecraft:grass_block":31,"minecraft:soul_soil":3,"minecraft:nether_wart":39,"minecraft:spawner":1,"minecraft:crimson_stem":8,"minecraft:hay_block":36,"minecraft:redstone_ore":10,"minecraft:oak_trapdoor":10,"minecraft:glowstone":27,"minecraft:furnace":1,"minecraft:iron_ore":163,"minecraft:nether_sprouts":2,"minecraft:barrel":2,"minecraft:fire":27,"minecraft:cobbled_deepslate":5,"minecraft:andesite":18,"minecraft:deepslate_lapis_ore":4,"minecraft:fletching_table":1,"minecraft:gold_block":1,"minecraft:bell":4,"minecraft:cobblestone_slab":4,"minecraft:deepslate_iron_ore":21,"minecraft:rail":59,"minecraft:pink_tulip":1,"minecraft:stone":256,"minecraft:bone_block":56,"minecraft:tripwire":12,"minecraft:deepslate_redstone_ore":91,"minecraft:oak_slab":1,"minecraft:brown_mushroom":32,"minecraft:crimson_nylium":2,"minecraft:soul_fire":5,"minecraft:crafting_table":6,"minecraft:short_grass":17,"minecraft:warped_roots":2,"minecraft:nether_quartz_ore":47,"minecraft:tall_grass":2,"minecraft:cobblestone":17,"minecraft:deepslate_coal_ore":2,"minecraft:oak_planks":18,"minecraft:deepslate_gold_ore":22,"minecraft:lapis_ore":9,"minecraft:grindstone":1,"minecraft:sugar_cane":9,"minecraft:diorite":29,"minecraft:wall_torch":1,"minecraft:warped_nylium":15,"minecraft:nether_wart_block":2,"minecraft:orange_tulip":2,"minecraft:yellow_bed":4,"minecraft:coal_ore":165,"minecraft:oak_log":63,"minecraft:gravel":58,"minecraft:dirt":37,"minecraft:tripwire_hook":5,"minecraft:gold_ore":1,"minecraft:netherrack":220,"minecraft:deepslate":1254,"minecraft:oak_leaves":15}},"DataVersion":3955}