{"stats":{"minecraft:used":{"minecraft:oak_trapdoor":1,"minecraft:stone_sword":48,"minecraft:stone_shovel":16,"minecraft:stone_pickaxe":15,"minecraft:wooden_pickaxe":17,"minecraft:cooked_salmon":3,"minecraft:stone_hoe":16,"minecraft:iron_chestplate":1,"minecraft:dirt":21,"minecraft:sand":4,"minecraft:crafting_table":5,"minecraft:spruce_log":3,"minecraft:bread":3,"minecraft:iron_pickaxe":74,"minecraft:map":2,"minecraft:gravel":1,"minecraft:stone_axe":86,"minecraft:furnace":1,"minecraft:cooked_cod":2,"minecraft:oak_boat":4},"minecraft:picked_up":{"minecraft:crafting_table":5,"minecraft:wheat":7,"minecraft:leather":4,"minecraft:gold_block":1,"minecraft:birch_planks":6,"minecraft:filled_map":1,"minecraft:flint":2,"minecraft:oak_log":24,"minecraft:oak_trapdoor":1,"minecraft:dirt":24,"minecraft:wheat_seeds":2,"minecraft:beef":17,"minecraft:oak_boat":4,"minecraft:sugar_cane":7,"minecraft:oak_planks":1,"minecraft:spruce_trapdoor":13,"minecraft:furnace":1,"minecraft:stick":1,"minecraft:raw_iron":4,"minecraft:gravel":1,"minecraft:sand":4,"minecraft:spruce_sapling":6,"minecraft:spruce_log":24,"minecraft:jungle_stairs":2,"minecraft:hay_block":16,"minecraft:oak_sapling":1,"minecraft:mutton":25,"minecraft:coal":52,"minecraft:white_wool":17,"minecraft:cobblestone":42},"minecraft:killed":{"minecraft:sheep":17,"minecraft:zombie":1,"minecraft:cow":8},"minecraft:custom":{"minecraft:interact_with_furnace":1,"minecraft:mob_kills":26,"minecraft:interact_with_crafting_table":6,"minecraft:time_since_death":47026,"minecraft:sleep_in_bed":1,"minecraft:climb_one_cm":335,"minecraft:time_since_rest":10126,"minecraft:sprint_one_cm":127423,"minecraft:damage_taken":130,"minecraft:walk_one_cm":58991,"minecraft:drop":8,"minecraft:damage_dealt":2370,"minecraft:swim_one_cm":76012,"minecraft:talked_to_villager":1,"minecraft:fly_one_cm":174220,"minecraft:open_chest":13,"minecraft:crouch_one_cm":3837,"minecraft:play_time":47026,"minecraft:sneak_time":1453,"minecraft:walk_under_water_one_cm":8950,"minecraft:boat_one_cm":330582,"minecraft:jump":958,"minecraft:walk_on_water_one_cm":10817,"minecraft:total_world_time":47026,"minecraft:fall_one_cm":30142},"minecraft:dropped":{"minecraft:wheat_seeds":2,"minecraft:poisonous_potato":1,"minecraft:filled_map":4,"minecraft:dirt":3,"minecraft:wooden_pickaxe":1},"minecraft:mined":{"minecraft:snow_block":3,"minecraft:crafting_table":5,"minecraft:spruce_trapdoor":14,"minecraft:jungle_stairs":2,"minecraft:short_grass":6,"minecraft:grass_block":7,"minecraft:tall_grass":1,"minecraft:spruce_leaves":6,"minecraft:sugar_cane":4,"minecraft:oak_planks":1,"minecraft:hay_block":16,"minecraft:birch_planks":6,"minecraft:oak_trapdoor":1,"minecraft:furnace":1,"minecraft:iron_ore":4,"minecraft:snow":1,"minecraft:spruce_log":26,"minecraft:gold_block":1,"minecraft:oak_log":24,"minecraft:coal_ore":52,"minecraft:dirt":18,"minecraft:gravel":3,"minecraft:sand":4,"minecraft:stone":42,"minecraft:netherrack":5,"minecraft:fern":1},"minecraft:crafted":{"minecraft:oak_planks":28,"minecraft:stone_shovel":1,"minecraft:crafting_table":1,"minecraft:wooden_pickaxe":1,"minecraft:furnace":1,"minecraft:stone_axe":1,"minecraft:bread":48,"minecraft:oak_boat":1,"minecraft:iron_chestplate":1,"minecraft:shield":1,"minecraft:stick":12,"minecraft:iron_pickaxe":1,"minecraft:stone_pickaxe":1,"minecraft:stone_sword":1,"minecraft:stone_hoe":1,"minecraft:wheat":137}},"DataVersion":3955}