{"stats":{"minecraft:crafted":{"minecraft:oak_boat":1,"minecraft:oak_planks":28,"minecraft:stone_shovel":1,"minecraft:iron_chestplate":1,"minecraft:shield":1,"minecraft:crafting_table":1,"minecraft:stick":12,"minecraft:iron_pickaxe":1,"minecraft:wooden_pickaxe":1,"minecraft:stone_pickaxe":1,"minecraft:stone_sword":1,"minecraft:furnace":1,"minecraft:stone_axe":1},"minecraft:used":{"minecraft:oak_trapdoor":1,"minecraft:stone_sword":3,"minecraft:stone_pickaxe":15,"minecraft:wooden_pickaxe":17,"minecraft:cooked_salmon":1,"minecraft:iron_chestplate":1,"minecraft:stone_axe":60,"minecraft:dirt":14,"minecraft:sand":4,"minecraft:crafting_table":3,"minecraft:cooked_cod":2,"minecraft:oak_boat":2,"minecraft:spruce_log":2},"minecraft:custom":{"minecraft:time_since_rest":17411,"minecraft:sprint_one_cm":39240,"minecraft:damage_taken":40,"minecraft:walk_one_cm":26476,"minecraft:mob_kills":1,"minecraft:drop":4,"minecraft:damage_dealt":200,"minecraft:swim_one_cm":59858,"minecraft:interact_with_crafting_table":4,"minecraft:fly_one_cm":45728,"minecraft:open_chest":8,"minecraft:crouch_one_cm":422,"minecraft:play_time":17411,"minecraft:sneak_time":169,"minecraft:walk_under_water_one_cm":1390,"minecraft:boat_one_cm":29533,"minecraft:jump":303,"minecraft:walk_on_water_one_cm":6089,"minecraft:time_since_death":17411,"minecraft:total_world_time":17411,"minecraft:fall_one_cm":9603},"minecraft:dropped":{"minecraft:filled_map":3,"minecraft:wooden_pickaxe":1},"minecraft:killed":{"minecraft:zombie":1},"minecraft:picked_up":{"minecraft:stick":1,"minecraft:crafting_table":3,"minecraft:filled_map":1,"minecraft:birch_planks":6,"minecraft:sand":4,"minecraft:oak_log":24,"minecraft:spruce_sapling":6,"minecraft:spruce_log":20,"minecraft:dirt":16,"minecraft:oak_trapdoor":1,"minecraft:wheat_seeds":1,"minecraft:jungle_stairs":2,"minecraft:oak_boat":1,"minecraft:oak_sapling":1,"minecraft:sugar_cane":7,"minecraft:oak_planks":1,"minecraft:cobblestone":32},"minecraft:mined":{"minecraft:birch_planks":6,"minecraft:oak_trapdoor":1,"minecraft:spruce_log":22,"minecraft:crafting_table":3,"minecraft:jungle_stairs":2,"minecraft:grass_block":3,"minecraft:oak_log":24,"minecraft:dirt":13,"minecraft:sand":4,"minecraft:spruce_leaves":5,"minecraft:stone":32,"minecraft:sugar_cane":4,"minecraft:oak_planks":1,"minecraft:fern":1}},"DataVersion":3955}