{"stats":{"minecraft:crafted":{"minecraft:oak_planks":152,"minecraft:stone_shovel":1,"minecraft:tripwire_hook":2,"minecraft:furnace":5,"minecraft:oak_trapdoor":10,"minecraft:diamond_helmet":1,"minecraft:bow":3,"minecraft:diamond_leggings":1,"minecraft:iron_boots":1,"minecraft:iron_axe":1,"minecraft:stone_pickaxe":1,"minecraft:diamond_boots":1,"minecraft:stone_hoe":1,"minecraft:golden_boots":1,"minecraft:wheat":324,"minecraft:oak_slab":6,"minecraft:crafting_table":3,"minecraft:wooden_pickaxe":1,"minecraft:iron_sword":1,"minecraft:bucket":1,"minecraft:stone_axe":1,"minecraft:bread":108,"minecraft:air":0,"minecraft:oak_boat":2,"minecraft:diamond_pickaxe":2,"minecraft:shield":1,"minecraft:stick":32,"minecraft:iron_ingot":29,"minecraft:iron_pickaxe":3,"minecraft:stone_sword":1,"minecraft:gold_ingot":4,"minecraft:iron_leggings":1,"minecraft:diamond_chestplate":1},"minecraft:used":{"minecraft:oak_trapdoor":8,"minecraft:stone_sword":128,"minecraft:stone_shovel":42,"minecraft:shield":28,"minecraft:iron_sword":82,"minecraft:bell":3,"minecraft:stone_hoe":52,"minecraft:torch":4,"minecraft:dirt":22,"minecraft:tuff":12,"minecraft:granite":9,"minecraft:lava_bucket":209,"minecraft:iron_axe":18,"minecraft:barrel":3,"minecraft:tripwire_hook":4,"minecraft:bow":8,"minecraft:furnace":5,"minecraft:cobbled_deepslate":194,"minecraft:golden_boots":1,"minecraft:water_bucket":160,"minecraft:iron_ore":1,"minecraft:stone_pickaxe":7,"minecraft:oak_planks":73,"minecraft:orange_tulip":2,"minecraft:wooden_pickaxe":18,"minecraft:oak_slab":7,"minecraft:crafting_table":8,"minecraft:white_bed":9,"minecraft:oak_log":3,"minecraft:diamond_pickaxe":1459,"minecraft:bread":48,"minecraft:string":5,"minecraft:iron_pickaxe":750,"minecraft:gravel":8,"minecraft:stone_axe":102,"minecraft:cobblestone":23,"minecraft:andesite":2,"minecraft:bucket":370,"minecraft:yellow_bed":3,"minecraft:oak_boat":11},"minecraft:custom":{"minecraft:mob_kills":82,"minecraft:interact_with_anvil":1,"minecraft:interact_with_crafting_table":37,"minecraft:open_barrel":58,"minecraft:bell_ring":99,"minecraft:leave_game":1,"minecraft:time_since_death":208165,"minecraft:sprint_one_cm":440696,"minecraft:walk_one_cm":385779,"minecraft:damage_blocked_by_shield":2447,"minecraft:drop":51,"minecraft:talked_to_villager":9,"minecraft:play_time":208165,"minecraft:sneak_time":18082,"minecraft:walk_under_water_one_cm":14093,"minecraft:boat_one_cm":44186,"minecraft:jump":3162,"minecraft:walk_on_water_one_cm":38679,"minecraft:total_world_time":208165,"minecraft:interact_with_furnace":25,"minecraft:sleep_in_bed":7,"minecraft:time_since_rest":8263,"minecraft:damage_taken":1467,"minecraft:damage_dealt":15152,"minecraft:swim_one_cm":13460,"minecraft:fly_one_cm":508144,"minecraft:open_chest":17,"minecraft:crouch_one_cm":59453,"minecraft:fall_one_cm":67965},"minecraft:broken":{"minecraft:stone_sword":1,"minecraft:stone_axe":1,"minecraft:iron_pickaxe":3},"minecraft:dropped":{"minecraft:wheat_seeds":7,"minecraft:oak_log":10,"minecraft:iron_helmet":2,"minecraft:cobblestone":46,"minecraft:granite":2,"minecraft:activator_rail":3,"minecraft:rail":2,"minecraft:stick":7,"minecraft:dirt":7,"minecraft:diorite":1,"minecraft:iron_leggings":2,"minecraft:bone":1,"minecraft:pink_tulip":1,"minecraft:gravel":8,"minecraft:furnace":1,"minecraft:cobbled_deepslate":133,"minecraft:tuff":64,"minecraft:raw_iron":1,"minecraft:rotten_flesh":30,"minecraft:oak_planks":2,"minecraft:iron_boots":2,"minecraft:poppy":3,"minecraft:diamond_pickaxe":1,"minecraft:iron_chestplate":2,"minecraft:andesite":5,"minecraft:oak_sapling":3,"minecraft:spider_eye":1,"minecraft:bow":2,"minecraft:wooden_pickaxe":1,"minecraft:stone_pickaxe":2,"minecraft:egg":1},"minecraft:killed":{"minecraft:cave_spider":1,"minecraft:spider":11,"minecraft:skeleton":18,"minecraft:pig":1,"minecraft:iron_golem":2,"minecraft:creeper":9,"minecraft:sheep":9,"minecraft:zombie":25,"minecraft:enderman":1,"minecraft:cow":3},"minecraft:picked_up":{"minecraft:crafting_table":6,"minecraft:iron_chestplate":1,"minecraft:oak_trapdoor":2,"minecraft:string":11,"minecraft:iron_leggings":1,"minecraft:cobbled_deepslate":364,"minecraft:deepslate_diamond_ore":14,"minecraft:beef":7,"minecraft:oak_boat":10,"minecraft:poppy":3,"minecraft:sugar_cane":22,"minecraft:furnace":1,"minecraft:iron_boots":1,"minecraft:egg":1,"minecraft:stick":4,"minecraft:raw_iron":145,"minecraft:stone":12,"minecraft:torch":4,"minecraft:porkchop":1,"minecraft:diorite":18,"minecraft:redstone":449,"minecraft:arrow":16,"minecraft:rotten_flesh":40,"minecraft:hay_block":36,"minecraft:pink_tulip":1,"minecraft:obsidian":14,"minecraft:mutton":10,"minecraft:cobblestone":224,"minecraft:rail":59,"minecraft:white_wool":9,"minecraft:tripwire_hook":4,"minecraft:andesite":11,"minecraft:leather":3,"minecraft:flint":1,"minecraft:tuff":76,"minecraft:oak_log":51,"minecraft:yellow_bed":4,"minecraft:gunpowder":10,"minecraft:lapis_lazuli":97,"minecraft:dirt":40,"minecraft:bone":21,"minecraft:bow":7,"minecraft:wheat_seeds":9,"minecraft:orange_tulip":2,"minecraft:raw_gold":23,"minecraft:bell":4,"minecraft:stone_pickaxe":1,"minecraft:grindstone":1,"minecraft:iron_ingot":10,"minecraft:iron_ore":66,"minecraft:oak_planks":12,"minecraft:oak_slab":1,"minecraft:gravel":16,"minecraft:white_bed":13,"minecraft:grass_block":1,"minecraft:barrel":1,"minecraft:spider_eye":1,"minecraft:coal_ore":124,"minecraft:diamond":29,"minecraft:iron_helmet":1,"minecraft:granite":12,"minecraft:oak_sapling":8,"minecraft:coal":39,"minecraft:ender_pearl":1,"minecraft:diamond_pickaxe":1},"minecraft:mined":{"minecraft:tuff":103,"minecraft:white_bed":13,"minecraft:deepslate_diamond_ore":43,"minecraft:obsidian":14,"minecraft:granite":13,"minecraft:grass_block":21,"minecraft:spawner":1,"minecraft:hay_block":36,"minecraft:redstone_ore":10,"minecraft:oak_trapdoor":2,"minecraft:furnace":1,"minecraft:iron_ore":163,"minecraft:cobbled_deepslate":5,"minecraft:barrel":2,"minecraft:andesite":9,"minecraft:deepslate_lapis_ore":4,"minecraft:bell":4,"minecraft:deepslate_iron_ore":21,"minecraft:rail":59,"minecraft:pink_tulip":1,"minecraft:stone":223,"minecraft:deepslate_redstone_ore":91,"minecraft:oak_slab":1,"minecraft:crafting_table":6,"minecraft:short_grass":17,"minecraft:tall_grass":2,"minecraft:cobblestone":6,"minecraft:deepslate_coal_ore":2,"minecraft:lapis_ore":9,"minecraft:deepslate_gold_ore":22,"minecraft:grindstone":1,"minecraft:sugar_cane":9,"minecraft:oak_planks":12,"minecraft:diorite":20,"minecraft:wall_torch":1,"minecraft:orange_tulip":2,"minecraft:yellow_bed":4,"minecraft:oak_log":41,"minecraft:coal_ore":157,"minecraft:gravel":22,"minecraft:dirt":26,"minecraft:tripwire_hook":2,"minecraft:gold_ore":1,"minecraft:oak_leaves":15,"minecraft:deepslate":1247}},"DataVersion":3955}