{"stats":{"minecraft:mined":{"minecraft:white_bed":13,"minecraft:brewing_stand":1,"minecraft:obsidian":14,"minecraft:granite":24,"minecraft:grass_block":31,"minecraft:soul_soil":3,"minecraft:purpur_slab":1,"minecraft:nether_wart":39,"minecraft:spawner":2,"minecraft:glowstone":27,"minecraft:cobbled_deepslate":5,"minecraft:iron_ore":163,"minecraft:fire":28,"minecraft:barrel":2,"minecraft:fletching_table":1,"minecraft:deepslate_lapis_ore":4,"minecraft:pink_tulip":1,"minecraft:end_stone_bricks":11,"minecraft:tripwire":12,"minecraft:deepslate_redstone_ore":91,"minecraft:brown_mushroom":32,"minecraft:crimson_nylium":2,"minecraft:soul_fire":5,"minecraft:purpur_stairs":2,"minecraft:nether_quartz_ore":47,"minecraft:cobblestone":17,"minecraft:sugar_cane":9,"minecraft:grindstone":1,"minecraft:oak_planks":18,"minecraft:iron_door":1,"minecraft:wall_torch":3,"minecraft:warped_nylium":15,"minecraft:nether_wart_block":2,"minecraft:orange_tulip":2,"minecraft:purpur_block":47,"minecraft:oak_log":63,"minecraft:dirt":37,"minecraft:tripwire_hook":5,"minecraft:netherrack":220,"minecraft:oak_leaves":15,"minecraft:deepslate":1267,"minecraft:tuff":111,"minecraft:deepslate_diamond_ore":43,"minecraft:end_stone":58,"minecraft:nether_bricks":4,"minecraft:crimson_stem":8,"minecraft:hay_block":36,"minecraft:redstone_ore":10,"minecraft:oak_trapdoor":10,"minecraft:furnace":1,"minecraft:nether_sprouts":2,"minecraft:andesite":41,"minecraft:gold_block":1,"minecraft:bell":4,"minecraft:bookshelf":54,"minecraft:deepslate_iron_ore":21,"minecraft:cobblestone_slab":4,"minecraft:rail":59,"minecraft:stone":326,"minecraft:bone_block":56,"minecraft:ender_chest":1,"minecraft:oak_slab":1,"minecraft:magenta_stained_glass":3,"minecraft:crafting_table":6,"minecraft:short_grass":17,"minecraft:warped_roots":2,"minecraft:purpur_pillar":5,"minecraft:tall_grass":2,"minecraft:deepslate_coal_ore":2,"minecraft:lapis_ore":9,"minecraft:deepslate_gold_ore":22,"minecraft:diorite":40,"minecraft:yellow_bed":4,"minecraft:coal_ore":167,"minecraft:gravel":58,"minecraft:cobweb":6,"minecraft:gold_ore":1},"minecraft:broken":{"minecraft:stone_axe":1,"minecraft:iron_sword":1,"minecraft:stone_sword":1,"minecraft:iron_pickaxe":3},"minecraft:custom":{"minecraft:interact_with_crafting_table":49,"minecraft:open_barrel":101,"minecraft:bell_ring":99,"minecraft:leave_game":3,"minecraft:time_since_death":0,"minecraft:sprint_one_cm":885807,"minecraft:damage_blocked_by_shield":2777,"minecraft:drop":95,"minecraft:talked_to_villager":13,"minecraft:play_time":358150,"minecraft:deaths":1,"minecraft:jump":6772,"minecraft:interact_with_brewingstand":1,"minecraft:walk_on_water_one_cm":46719,"minecraft:interact_with_furnace":27,"minecraft:traded_with_villager":10,"minecraft:sleep_in_bed":9,"minecraft:open_enderchest":2,"minecraft:damage_dealt":38263,"minecraft:crouch_one_cm":126217,"minecraft:mob_kills":165,"minecraft:interact_with_anvil":1,"minecraft:climb_one_cm":4315,"minecraft:walk_one_cm":660465,"minecraft:sneak_time":32383,"minecraft:walk_under_water_one_cm":20484,"minecraft:boat_one_cm":126777,"minecraft:total_world_time":358150,"minecraft:time_since_rest":2034,"minecraft:damage_taken":5331,"minecraft:swim_one_cm":19174,"minecraft:fly_one_cm":2084962,"minecraft:open_chest":53,"minecraft:aviate_one_cm":82188,"minecraft:fall_one_cm":160780},"minecraft:used":{"minecraft:elytra":4,"minecraft:chest":1,"minecraft:shield":35,"minecraft:iron_sword":283,"minecraft:bell":4,"minecraft:nether_bricks":3,"minecraft:tuff":12,"minecraft:obsidian":10,"minecraft:lava_bucket":209,"minecraft:bow":60,"minecraft:furnace":5,"minecraft:golden_boots":5,"minecraft:diamond_boots":5,"minecraft:stone_pickaxe":7,"minecraft:oak_planks":73,"minecraft:orange_tulip":2,"minecraft:ender_pearl":6,"minecraft:wooden_pickaxe":18,"minecraft:purpur_pillar":4,"minecraft:shears":43,"minecraft:end_stone":52,"minecraft:lever":1,"minecraft:bread":137,"minecraft:string":58,"minecraft:gravel":33,"minecraft:nether_wart_block":2,"minecraft:diamond_sword":170,"minecraft:andesite":34,"minecraft:oak_boat":42,"minecraft:oak_trapdoor":16,"minecraft:purpur_block":47,"minecraft:stone_sword":128,"minecraft:flint_and_steel":2,"minecraft:stone_shovel":42,"minecraft:stone_hoe":52,"minecraft:netherrack":180,"minecraft:torch":5,"minecraft:dirt":42,"minecraft:granite":9,"minecraft:iron_axe":188,"minecraft:crimson_planks":21,"minecraft:barrel":3,"minecraft:diamond_chestplate":4,"minecraft:tripwire_hook":10,"minecraft:soul_soil":3,"minecraft:cobbled_deepslate":208,"minecraft:water_bucket":167,"minecraft:iron_ore":1,"minecraft:fletching_table":2,"minecraft:cobblestone_slab":167,"minecraft:oak_slab":7,"minecraft:crafting_table":9,"minecraft:white_bed":9,"minecraft:oak_log":3,"minecraft:ender_eye":11,"minecraft:diamond_pickaxe":2184,"minecraft:iron_pickaxe":750,"minecraft:purpur_slab":1,"minecraft:stone_axe":102,"minecraft:cobblestone":180,"minecraft:potion":1,"minecraft:bucket":377,"minecraft:yellow_bed":3},"minecraft:dropped":{"minecraft:oak_log":10,"minecraft:glass_bottle":1,"minecraft:warped_roots":6,"minecraft:purpur_stairs":1,"minecraft:rail":2,"minecraft:flint":1,"minecraft:dirt":10,"minecraft:crimson_roots":1,"minecraft:bone":1,"minecraft:gravel":17,"minecraft:cobbled_deepslate":133,"minecraft:rotten_flesh":60,"minecraft:oak_planks":3,"minecraft:glowstone_dust":2,"minecraft:end_stone":1,"minecraft:poppy":3,"minecraft:netherrack":61,"minecraft:egg":1,"minecraft:golden_boots":1,"minecraft:wheat_seeds":10,"minecraft:iron_helmet":2,"minecraft:cobblestone":47,"minecraft:granite":24,"minecraft:activator_rail":3,"minecraft:stick":8,"minecraft:diorite":1,"minecraft:iron_door":1,"minecraft:iron_leggings":2,"minecraft:string":2,"minecraft:pink_tulip":1,"minecraft:furnace":1,"minecraft:warped_nylium":5,"minecraft:tuff":64,"minecraft:raw_iron":1,"minecraft:stone_shovel":2,"minecraft:iron_boots":2,"minecraft:diamond_sword":1,"minecraft:iron_chestplate":2,"minecraft:diamond_pickaxe":1,"minecraft:andesite":6,"minecraft:oak_sapling":3,"minecraft:spider_eye":1,"minecraft:bow":3,"minecraft:stone_pickaxe":2,"minecraft:wooden_pickaxe":1},"minecraft:picked_up":{"minecraft:shulker_shell":7,"minecraft:iron_chestplate":1,"minecraft:ender_chest":1,"minecraft:diamond_sword":1,"minecraft:brewing_stand":1,"minecraft:string":93,"minecraft:soul_soil":3,"minecraft:iron_leggings":1,"minecraft:cobbled_deepslate":380,"minecraft:iron_boots":1,"minecraft:furnace":1,"minecraft:stick":4,"minecraft:torch":5,"minecraft:purpur_pillar":4,"minecraft:porkchop":4,"minecraft:diorite":38,"minecraft:rotten_flesh":43,"minecraft:glowstone":24,"minecraft:blaze_rod":11,"minecraft:obsidian":14,"minecraft:cobblestone":338,"minecraft:iron_door":1,"minecraft:andesite":44,"minecraft:flint":4,"minecraft:tuff":84,"minecraft:lapis_lazuli":97,"minecraft:dirt":61,"minecraft:bone":33,"minecraft:bow":8,"minecraft:orange_tulip":2,"minecraft:wheat_seeds":10,"minecraft:raw_gold":23,"minecraft:bell":5,"minecraft:grindstone":1,"minecraft:fletching_table":1,"minecraft:glowstone_dust":10,"minecraft:oak_planks":18,"minecraft:grass_block":1,"minecraft:barrel":1,"minecraft:diamond":29,"minecraft:lever":1,"minecraft:granite":34,"minecraft:oak_sapling":8,"minecraft:netherrack":241,"minecraft:crimson_roots":1,"minecraft:diamond_pickaxe":1,"minecraft:end_stone_bricks":11,"minecraft:crafting_table":6,"minecraft:nether_wart":37,"minecraft:brown_mushroom":31,"minecraft:gold_block":1,"minecraft:purpur_block":47,"minecraft:oak_trapdoor":10,"minecraft:elytra":1,"minecraft:deepslate_diamond_ore":14,"minecraft:beef":7,"minecraft:oak_boat":41,"minecraft:poppy":3,"minecraft:sugar_cane":22,"minecraft:egg":1,"minecraft:raw_iron":145,"minecraft:end_stone":58,"minecraft:stone":12,"minecraft:redstone":449,"minecraft:arrow":19,"minecraft:stone_shovel":1,"minecraft:nether_bricks":3,"minecraft:hay_block":36,"minecraft:purpur_slab":1,"minecraft:pink_tulip":1,"minecraft:mutton":10,"minecraft:white_wool":9,"minecraft:rail":59,"minecraft:bone_block":54,"minecraft:tripwire_hook":9,"minecraft:crimson_stem":7,"minecraft:leather":3,"minecraft:purpur_stairs":1,"minecraft:oak_log":73,"minecraft:nether_wart_block":2,"minecraft:yellow_bed":4,"minecraft:gunpowder":10,"minecraft:iron_ingot":10,"minecraft:stone_pickaxe":1,"minecraft:iron_ore":66,"minecraft:glass_bottle":1,"minecraft:book":162,"minecraft:oak_slab":1,"minecraft:quartz":47,"minecraft:gravel":50,"minecraft:white_bed":13,"minecraft:spider_eye":1,"minecraft:dragon_egg":1,"minecraft:coal_ore":124,"minecraft:iron_helmet":1,"minecraft:warped_roots":8,"minecraft:warped_nylium":7,"minecraft:coal":53,"minecraft:ender_pearl":15},"minecraft:crafted":{"minecraft:oak_planks":240,"minecraft:cobblestone_slab":198,"minecraft:blaze_powder":12,"minecraft:lever":1,"minecraft:diamond_helmet":1,"minecraft:diamond_leggings":1,"minecraft:bow":5,"minecraft:iron_boots":1,"minecraft:chest":1,"minecraft:stone_hoe":1,"minecraft:ender_eye":12,"minecraft:golden_boots":1,"minecraft:oak_slab":6,"minecraft:arrow":80,"minecraft:emerald":5,"minecraft:crafting_table":4,"minecraft:wooden_pickaxe":1,"minecraft:fletching_table":1,"minecraft:diamond_pickaxe":2,"minecraft:shield":1,"minecraft:stick":208,"minecraft:iron_ingot":29,"minecraft:iron_pickaxe":3,"minecraft:stone_sword":1,"minecraft:gold_ingot":4,"minecraft:shears":1,"minecraft:stone_shovel":1,"minecraft:tripwire_hook":4,"minecraft:furnace":5,"minecraft:oak_trapdoor":10,"minecraft:flint_and_steel":1,"minecraft:iron_axe":1,"minecraft:stone_pickaxe":1,"minecraft:diamond_boots":1,"minecraft:wheat":324,"minecraft:crimson_planks":28,"minecraft:diamond_sword":1,"minecraft:iron_sword":2,"minecraft:bucket":1,"minecraft:stone_axe":1,"minecraft:glowstone":2,"minecraft:bread":108,"minecraft:air":0,"minecraft:oak_boat":2,"minecraft:iron_leggings":1,"minecraft:diamond_chestplate":1},"minecraft:killed_by":{"minecraft:shulker":1},"minecraft:killed":{"minecraft:cave_spider":1,"minecraft:spider":11,"minecraft:shulker":14,"minecraft:skeleton":21,"minecraft:magma_cube":4,"minecraft:piglin":1,"minecraft:pig":1,"minecraft:iron_golem":2,"minecraft:ender_dragon":1,"minecraft:creeper":9,"minecraft:sheep":9,"minecraft:zombie":28,"minecraft:cow":3,"minecraft:blaze":20,"minecraft:hoglin":1,"minecraft:wither_skeleton":9,"minecraft:enderman":27}},"DataVersion":3955}