{"stats":{"minecraft:crafted":{"minecraft:oak_planks":152,"minecraft:stone_shovel":1,"minecraft:furnace":5,"minecraft:oak_trapdoor":8,"minecraft:diamond_helmet":1,"minecraft:bow":3,"minecraft:diamond_leggings":1,"minecraft:iron_boots":1,"minecraft:iron_axe":1,"minecraft:stone_pickaxe":1,"minecraft:diamond_boots":1,"minecraft:stone_hoe":1,"minecraft:wheat":324,"minecraft:oak_slab":6,"minecraft:crafting_table":3,"minecraft:wooden_pickaxe":1,"minecraft:iron_sword":1,"minecraft:bucket":1,"minecraft:stone_axe":1,"minecraft:bread":108,"minecraft:air":0,"minecraft:oak_boat":2,"minecraft:diamond_pickaxe":2,"minecraft:shield":1,"minecraft:stick":28,"minecraft:iron_ingot":22,"minecraft:iron_pickaxe":3,"minecraft:stone_sword":1,"minecraft:iron_leggings":1,"minecraft:diamond_chestplate":1},"minecraft:used":{"minecraft:oak_trapdoor":6,"minecraft:stone_sword":128,"minecraft:stone_shovel":42,"minecraft:shield":28,"minecraft:iron_sword":31,"minecraft:bell":3,"minecraft:stone_hoe":52,"minecraft:torch":4,"minecraft:dirt":19,"minecraft:granite":9,"minecraft:lava_bucket":209,"minecraft:iron_axe":4,"minecraft:barrel":3,"minecraft:bow":7,"minecraft:furnace":5,"minecraft:cobbled_deepslate":146,"minecraft:water_bucket":135,"minecraft:stone_pickaxe":7,"minecraft:oak_planks":73,"minecraft:orange_tulip":2,"minecraft:wooden_pickaxe":18,"minecraft:oak_slab":7,"minecraft:crafting_table":8,"minecraft:white_bed":8,"minecraft:oak_log":3,"minecraft:diamond_pickaxe":1312,"minecraft:bread":38,"minecraft:iron_pickaxe":750,"minecraft:gravel":5,"minecraft:stone_axe":102,"minecraft:cobblestone":9,"minecraft:andesite":2,"minecraft:bucket":345,"minecraft:yellow_bed":3,"minecraft:oak_boat":11},"minecraft:custom":{"minecraft:mob_kills":65,"minecraft:interact_with_anvil":1,"minecraft:interact_with_crafting_table":29,"minecraft:open_barrel":35,"minecraft:bell_ring":99,"minecraft:leave_game":1,"minecraft:time_since_death":184165,"minecraft:sprint_one_cm":401612,"minecraft:walk_one_cm":349042,"minecraft:damage_blocked_by_shield":2447,"minecraft:drop":44,"minecraft:talked_to_villager":9,"minecraft:play_time":184165,"minecraft:sneak_time":17204,"minecraft:walk_under_water_one_cm":9461,"minecraft:boat_one_cm":44186,"minecraft:jump":2672,"minecraft:walk_on_water_one_cm":16878,"minecraft:total_world_time":184165,"minecraft:interact_with_furnace":16,"minecraft:sleep_in_bed":6,"minecraft:time_since_rest":5214,"minecraft:damage_taken":1110,"minecraft:damage_dealt":11532,"minecraft:swim_one_cm":13460,"minecraft:fly_one_cm":446110,"minecraft:open_chest":15,"minecraft:crouch_one_cm":56952,"minecraft:fall_one_cm":59537},"minecraft:broken":{"minecraft:stone_sword":1,"minecraft:stone_axe":1,"minecraft:iron_pickaxe":3},"minecraft:dropped":{"minecraft:wheat_seeds":7,"minecraft:oak_log":10,"minecraft:iron_helmet":2,"minecraft:cobblestone":46,"minecraft:granite":2,"minecraft:activator_rail":3,"minecraft:rail":2,"minecraft:stick":7,"minecraft:dirt":7,"minecraft:diorite":1,"minecraft:iron_leggings":2,"minecraft:bone":1,"minecraft:pink_tulip":1,"minecraft:gravel":3,"minecraft:furnace":1,"minecraft:cobbled_deepslate":133,"minecraft:tuff":64,"minecraft:raw_iron":1,"minecraft:rotten_flesh":1,"minecraft:oak_planks":2,"minecraft:iron_boots":2,"minecraft:poppy":1,"minecraft:diamond_pickaxe":1,"minecraft:iron_chestplate":2,"minecraft:andesite":3,"minecraft:oak_sapling":1,"minecraft:spider_eye":1,"minecraft:bow":1,"minecraft:wooden_pickaxe":1,"minecraft:stone_pickaxe":2,"minecraft:egg":1},"minecraft:killed":{"minecraft:cave_spider":1,"minecraft:spider":6,"minecraft:skeleton":15,"minecraft:pig":1,"minecraft:iron_golem":2,"minecraft:creeper":6,"minecraft:sheep":9,"minecraft:zombie":19,"minecraft:enderman":1,"minecraft:cow":3},"minecraft:picked_up":{"minecraft:crafting_table":6,"minecraft:iron_chestplate":1,"minecraft:iron_leggings":1,"minecraft:cobbled_deepslate":328,"minecraft:beef":7,"minecraft:oak_boat":10,"minecraft:poppy":3,"minecraft:sugar_cane":22,"minecraft:furnace":1,"minecraft:iron_boots":1,"minecraft:egg":1,"minecraft:stick":4,"minecraft:raw_iron":144,"minecraft:stone":11,"minecraft:torch":4,"minecraft:porkchop":1,"minecraft:diorite":3,"minecraft:redstone":356,"minecraft:arrow":12,"minecraft:rotten_flesh":7,"minecraft:hay_block":36,"minecraft:pink_tulip":1,"minecraft:mutton":10,"minecraft:cobblestone":198,"minecraft:rail":59,"minecraft:white_wool":9,"minecraft:andesite":6,"minecraft:leather":3,"minecraft:tuff":64,"minecraft:oak_log":51,"minecraft:yellow_bed":4,"minecraft:gunpowder":6,"minecraft:lapis_lazuli":97,"minecraft:dirt":33,"minecraft:bone":17,"minecraft:bow":5,"minecraft:wheat_seeds":7,"minecraft:orange_tulip":2,"minecraft:raw_gold":19,"minecraft:bell":4,"minecraft:stone_pickaxe":1,"minecraft:grindstone":1,"minecraft:iron_ingot":10,"minecraft:iron_ore":66,"minecraft:oak_planks":12,"minecraft:oak_slab":1,"minecraft:gravel":8,"minecraft:white_bed":13,"minecraft:grass_block":1,"minecraft:barrel":1,"minecraft:spider_eye":1,"minecraft:coal_ore":124,"minecraft:diamond":29,"minecraft:iron_helmet":1,"minecraft:granite":11,"minecraft:oak_sapling":8,"minecraft:coal":39,"minecraft:ender_pearl":1,"minecraft:diamond_pickaxe":1},"minecraft:mined":{"minecraft:tuff":91,"minecraft:white_bed":13,"minecraft:deepslate_diamond_ore":29,"minecraft:granite":12,"minecraft:grass_block":16,"minecraft:hay_block":36,"minecraft:redstone_ore":4,"minecraft:furnace":1,"minecraft:iron_ore":162,"minecraft:cobbled_deepslate":4,"minecraft:barrel":2,"minecraft:andesite":5,"minecraft:deepslate_lapis_ore":4,"minecraft:bell":4,"minecraft:deepslate_iron_ore":21,"minecraft:rail":59,"minecraft:pink_tulip":1,"minecraft:stone":203,"minecraft:deepslate_redstone_ore":76,"minecraft:oak_slab":1,"minecraft:crafting_table":6,"minecraft:short_grass":9,"minecraft:tall_grass":1,"minecraft:cobblestone":2,"minecraft:deepslate_coal_ore":2,"minecraft:lapis_ore":9,"minecraft:deepslate_gold_ore":18,"minecraft:grindstone":1,"minecraft:sugar_cane":9,"minecraft:oak_planks":12,"minecraft:diorite":5,"minecraft:wall_torch":1,"minecraft:orange_tulip":2,"minecraft:yellow_bed":4,"minecraft:oak_log":41,"minecraft:coal_ore":157,"minecraft:gravel":13,"minecraft:dirt":24,"minecraft:gold_ore":1,"minecraft:oak_leaves":15,"minecraft:deepslate":1212}},"DataVersion":3955}