{"stats":{"minecraft:crafted":{"minecraft:oak_planks":128,"minecraft:stone_shovel":1,"minecraft:furnace":1,"minecraft:oak_trapdoor":8,"minecraft:iron_boots":1,"minecraft:stone_pickaxe":1,"minecraft:stone_hoe":1,"minecraft:wheat":324,"minecraft:oak_slab":6,"minecraft:crafting_table":3,"minecraft:wooden_pickaxe":1,"minecraft:bucket":1,"minecraft:stone_axe":1,"minecraft:bread":108,"minecraft:air":0,"minecraft:oak_boat":1,"minecraft:diamond_pickaxe":1,"minecraft:shield":1,"minecraft:stick":24,"minecraft:iron_ingot":22,"minecraft:iron_pickaxe":3,"minecraft:stone_sword":1,"minecraft:iron_leggings":1},"minecraft:used":{"minecraft:oak_trapdoor":6,"minecraft:stone_sword":98,"minecraft:stone_shovel":25,"minecraft:shield":6,"minecraft:bell":3,"minecraft:stone_hoe":52,"minecraft:dirt":14,"minecraft:granite":9,"minecraft:lava_bucket":209,"minecraft:barrel":1,"minecraft:furnace":1,"minecraft:cobbled_deepslate":120,"minecraft:water_bucket":133,"minecraft:stone_pickaxe":7,"minecraft:oak_planks":73,"minecraft:orange_tulip":2,"minecraft:wooden_pickaxe":18,"minecraft:oak_slab":7,"minecraft:crafting_table":8,"minecraft:white_bed":8,"minecraft:oak_log":3,"minecraft:diamond_pickaxe":1066,"minecraft:bread":21,"minecraft:iron_pickaxe":750,"minecraft:stone_axe":72,"minecraft:bucket":343,"minecraft:andesite":1,"minecraft:yellow_bed":3,"minecraft:oak_boat":9},"minecraft:custom":{"minecraft:mob_kills":32,"minecraft:interact_with_crafting_table":22,"minecraft:open_barrel":7,"minecraft:bell_ring":99,"minecraft:time_since_death":144738,"minecraft:sprint_one_cm":272204,"minecraft:walk_one_cm":272821,"minecraft:damage_blocked_by_shield":334,"minecraft:drop":31,"minecraft:talked_to_villager":9,"minecraft:play_time":144738,"minecraft:sneak_time":15534,"minecraft:walk_under_water_one_cm":6375,"minecraft:boat_one_cm":44186,"minecraft:jump":1627,"minecraft:walk_on_water_one_cm":12691,"minecraft:total_world_time":144738,"minecraft:interact_with_furnace":5,"minecraft:sleep_in_bed":3,"minecraft:time_since_rest":107287,"minecraft:damage_taken":590,"minecraft:damage_dealt":5375,"minecraft:swim_one_cm":8102,"minecraft:fly_one_cm":268218,"minecraft:open_chest":12,"minecraft:crouch_one_cm":50410,"minecraft:fall_one_cm":31060},"minecraft:broken":{"minecraft:iron_pickaxe":3},"minecraft:dropped":{"minecraft:wheat_seeds":7,"minecraft:oak_log":10,"minecraft:granite":2,"minecraft:activator_rail":3,"minecraft:rail":2,"minecraft:stick":7,"minecraft:dirt":7,"minecraft:bone":1,"minecraft:pink_tulip":1,"minecraft:gravel":3,"minecraft:furnace":1,"minecraft:cobbled_deepslate":133,"minecraft:tuff":64,"minecraft:oak_planks":2,"minecraft:poppy":1,"minecraft:diamond_pickaxe":1,"minecraft:andesite":3,"minecraft:spider_eye":1,"minecraft:bow":1,"minecraft:stone_pickaxe":2,"minecraft:wooden_pickaxe":1,"minecraft:egg":1},"minecraft:killed":{"minecraft:cave_spider":1,"minecraft:spider":6,"minecraft:skeleton":2,"minecraft:pig":1,"minecraft:iron_golem":1,"minecraft:creeper":1,"minecraft:sheep":9,"minecraft:zombie":8,"minecraft:cow":3},"minecraft:picked_up":{"minecraft:crafting_table":6,"minecraft:cobbled_deepslate":316,"minecraft:beef":7,"minecraft:oak_boat":8,"minecraft:poppy":1,"minecraft:sugar_cane":14,"minecraft:egg":1,"minecraft:furnace":1,"minecraft:raw_iron":143,"minecraft:stick":2,"minecraft:porkchop":1,"minecraft:redstone":356,"minecraft:arrow":2,"minecraft:rotten_flesh":1,"minecraft:hay_block":36,"minecraft:pink_tulip":1,"minecraft:mutton":10,"minecraft:cobblestone":147,"minecraft:rail":59,"minecraft:white_wool":9,"minecraft:andesite":5,"minecraft:leather":3,"minecraft:tuff":64,"minecraft:oak_log":45,"minecraft:yellow_bed":4,"minecraft:lapis_lazuli":97,"minecraft:dirt":22,"minecraft:bone":1,"minecraft:bow":1,"minecraft:orange_tulip":2,"minecraft:wheat_seeds":7,"minecraft:raw_gold":19,"minecraft:bell":4,"minecraft:stone_pickaxe":1,"minecraft:grindstone":1,"minecraft:iron_ingot":6,"minecraft:oak_planks":12,"minecraft:oak_slab":1,"minecraft:gravel":3,"minecraft:white_bed":13,"minecraft:barrel":1,"minecraft:spider_eye":1,"minecraft:diamond":29,"minecraft:granite":11,"minecraft:oak_sapling":4,"minecraft:coal":39,"minecraft:diamond_pickaxe":1},"minecraft:mined":{"minecraft:tuff":91,"minecraft:white_bed":13,"minecraft:deepslate_diamond_ore":29,"minecraft:granite":12,"minecraft:grass_block":7,"minecraft:hay_block":36,"minecraft:redstone_ore":4,"minecraft:furnace":1,"minecraft:cobbled_deepslate":4,"minecraft:iron_ore":94,"minecraft:barrel":2,"minecraft:andesite":4,"minecraft:deepslate_lapis_ore":4,"minecraft:bell":4,"minecraft:deepslate_iron_ore":21,"minecraft:rail":59,"minecraft:pink_tulip":1,"minecraft:stone":171,"minecraft:oak_slab":1,"minecraft:deepslate_redstone_ore":76,"minecraft:crafting_table":6,"minecraft:short_grass":6,"minecraft:tall_grass":1,"minecraft:cobblestone":2,"minecraft:deepslate_coal_ore":2,"minecraft:lapis_ore":9,"minecraft:deepslate_gold_ore":18,"minecraft:grindstone":1,"minecraft:sugar_cane":6,"minecraft:oak_planks":12,"minecraft:diorite":1,"minecraft:orange_tulip":2,"minecraft:yellow_bed":4,"minecraft:coal_ore":33,"minecraft:oak_log":35,"minecraft:dirt":15,"minecraft:gravel":11,"minecraft:gold_ore":1,"minecraft:oak_leaves":15,"minecraft:deepslate":1200}},"DataVersion":3955}