{"stats":{"minecraft:mined":{"minecraft:large_fern":1,"minecraft:purple_bed":3,"minecraft:sweet_berry_bush":1,"minecraft:spruce_log":7,"minecraft:crafting_table":2,"minecraft:dirt":1,"minecraft:spruce_leaves":1,"minecraft:stone":9,"minecraft:blue_bed":1},"minecraft:custom":{"minecraft:time_since_rest":5492,"minecraft:sprint_one_cm":24853,"minecraft:damage_taken":50,"minecraft:walk_one_cm":7949,"minecraft:mob_kills":1,"minecraft:drop":1,"minecraft:damage_dealt":80,"minecraft:interact_with_crafting_table":3,"minecraft:fly_one_cm":19665,"minecraft:open_chest":4,"minecraft:crouch_one_cm":34,"minecraft:play_time":5492,"minecraft:sneak_time":7,"minecraft:boat_one_cm":36519,"minecraft:jump":114,"minecraft:time_since_death":5492,"minecraft:walk_on_water_one_cm":76,"minecraft:total_world_time":5492,"minecraft:fall_one_cm":4921},"minecraft:used":{"minecraft:spruce_boat":1,"minecraft:stone_sword":5,"minecraft:bread":2,"minecraft:iron_helmet":1,"minecraft:wooden_pickaxe":9,"minecraft:stone_axe":3,"minecraft:iron_chestplate":1,"minecraft:dirt":1,"minecraft:crafting_table":2},"minecraft:dropped":{"minecraft:wooden_pickaxe":1},"minecraft:picked_up":{"minecraft:crafting_table":2,"minecraft:sweet_berries":3,"minecraft:spruce_log":7,"minecraft:blue_bed":1,"minecraft:dirt":1,"minecraft:purple_bed":3,"minecraft:spruce_boat":1,"minecraft:mutton":2,"minecraft:white_wool":1,"minecraft:cobblestone":9},"minecraft:crafted":{"minecraft:stone_shovel":1,"minecraft:crafting_table":1,"minecraft:spruce_planks":28,"minecraft:stick":12,"minecraft:wooden_pickaxe":1,"minecraft:stone_pickaxe":1,"minecraft:stone_sword":1,"minecraft:spruce_boat":1,"minecraft:stone_axe":1},"minecraft:killed":{"minecraft:sheep":1}},"DataVersion":3955}