{"stats":{"minecraft:crafted":{"minecraft:oak_boat":1,"minecraft:oak_planks":28,"minecraft:stone_shovel":1,"minecraft:iron_chestplate":1,"minecraft:shield":1,"minecraft:crafting_table":1,"minecraft:stick":12,"minecraft:iron_pickaxe":1,"minecraft:wooden_pickaxe":1,"minecraft:stone_pickaxe":1,"minecraft:stone_sword":1,"minecraft:furnace":1,"minecraft:stone_axe":1},"minecraft:used":{"minecraft:oak_trapdoor":1,"minecraft:stone_sword":12,"minecraft:stone_shovel":12,"minecraft:stone_pickaxe":15,"minecraft:map":1,"minecraft:wooden_pickaxe":17,"minecraft:gravel":1,"minecraft:cooked_salmon":1,"minecraft:iron_chestplate":1,"minecraft:stone_axe":81,"minecraft:dirt":16,"minecraft:sand":4,"minecraft:crafting_table":3,"minecraft:cooked_cod":2,"minecraft:oak_boat":3,"minecraft:spruce_log":3},"minecraft:custom":{"minecraft:time_since_rest":29411,"minecraft:sprint_one_cm":52852,"minecraft:damage_taken":40,"minecraft:walk_one_cm":34469,"minecraft:mob_kills":8,"minecraft:drop":4,"minecraft:damage_dealt":760,"minecraft:swim_one_cm":67804,"minecraft:interact_with_crafting_table":4,"minecraft:fly_one_cm":64501,"minecraft:open_chest":12,"minecraft:crouch_one_cm":486,"minecraft:play_time":29411,"minecraft:sneak_time":490,"minecraft:walk_under_water_one_cm":7932,"minecraft:boat_one_cm":276038,"minecraft:jump":408,"minecraft:walk_on_water_one_cm":9934,"minecraft:time_since_death":29411,"minecraft:total_world_time":29411,"minecraft:fall_one_cm":12171},"minecraft:dropped":{"minecraft:filled_map":3,"minecraft:wooden_pickaxe":1},"minecraft:killed":{"minecraft:sheep":7,"minecraft:zombie":1},"minecraft:picked_up":{"minecraft:stick":1,"minecraft:crafting_table":3,"minecraft:gravel":1,"minecraft:filled_map":1,"minecraft:birch_planks":6,"minecraft:flint":2,"minecraft:sand":4,"minecraft:oak_log":24,"minecraft:spruce_sapling":6,"minecraft:spruce_log":24,"minecraft:dirt":24,"minecraft:oak_trapdoor":1,"minecraft:wheat_seeds":2,"minecraft:jungle_stairs":2,"minecraft:oak_boat":3,"minecraft:oak_sapling":1,"minecraft:sugar_cane":7,"minecraft:mutton":9,"minecraft:oak_planks":1,"minecraft:spruce_trapdoor":13,"minecraft:white_wool":7,"minecraft:cobblestone":32},"minecraft:mined":{"minecraft:birch_planks":6,"minecraft:oak_trapdoor":1,"minecraft:spruce_log":26,"minecraft:spruce_trapdoor":14,"minecraft:crafting_table":3,"minecraft:jungle_stairs":2,"minecraft:short_grass":2,"minecraft:grass_block":7,"minecraft:oak_log":24,"minecraft:gravel":3,"minecraft:dirt":18,"minecraft:sand":4,"minecraft:spruce_leaves":5,"minecraft:stone":32,"minecraft:sugar_cane":4,"minecraft:oak_planks":1,"minecraft:fern":1}},"DataVersion":3955}