{"stats":{"minecraft:crafted":{"minecraft:oak_slab":6,"minecraft:oak_planks":128,"minecraft:stone_shovel":1,"minecraft:crafting_table":3,"minecraft:wooden_pickaxe":1,"minecraft:furnace":1,"minecraft:bucket":1,"minecraft:stone_axe":1,"minecraft:bread":108,"minecraft:air":0,"minecraft:oak_trapdoor":8,"minecraft:oak_boat":1,"minecraft:iron_boots":1,"minecraft:diamond_pickaxe":1,"minecraft:shield":1,"minecraft:stick":24,"minecraft:iron_ingot":22,"minecraft:iron_pickaxe":3,"minecraft:stone_pickaxe":1,"minecraft:stone_sword":1,"minecraft:iron_leggings":1,"minecraft:stone_hoe":1,"minecraft:wheat":324},"minecraft:used":{"minecraft:oak_trapdoor":6,"minecraft:water_bucket":122,"minecraft:stone_sword":38,"minecraft:stone_pickaxe":7,"minecraft:stone_shovel":25,"minecraft:oak_planks":73,"minecraft:orange_tulip":2,"minecraft:wooden_pickaxe":18,"minecraft:bell":3,"minecraft:stone_hoe":52,"minecraft:dirt":14,"minecraft:oak_slab":7,"minecraft:crafting_table":8,"minecraft:white_bed":8,"minecraft:granite":9,"minecraft:oak_log":3,"minecraft:diamond_pickaxe":975,"minecraft:lava_bucket":178,"minecraft:bread":11,"minecraft:iron_pickaxe":750,"minecraft:barrel":1,"minecraft:stone_axe":72,"minecraft:furnace":1,"minecraft:andesite":1,"minecraft:bucket":301,"minecraft:yellow_bed":3,"minecraft:oak_boat":9,"minecraft:cobbled_deepslate":68},"minecraft:custom":{"minecraft:interact_with_furnace":5,"minecraft:mob_kills":15,"minecraft:interact_with_crafting_table":22,"minecraft:open_barrel":7,"minecraft:bell_ring":99,"minecraft:time_since_death":132738,"minecraft:sleep_in_bed":3,"minecraft:time_since_rest":95287,"minecraft:sprint_one_cm":227579,"minecraft:damage_taken":129,"minecraft:walk_one_cm":250862,"minecraft:drop":23,"minecraft:damage_dealt":2331,"minecraft:swim_one_cm":8102,"minecraft:talked_to_villager":9,"minecraft:fly_one_cm":226474,"minecraft:open_chest":12,"minecraft:crouch_one_cm":45132,"minecraft:play_time":132738,"minecraft:sneak_time":14179,"minecraft:walk_under_water_one_cm":4531,"minecraft:boat_one_cm":44186,"minecraft:jump":1211,"minecraft:walk_on_water_one_cm":9244,"minecraft:fall_one_cm":25051,"minecraft:total_world_time":132738},"minecraft:broken":{"minecraft:iron_pickaxe":3},"minecraft:dropped":{"minecraft:gravel":3,"minecraft:wheat_seeds":7,"minecraft:oak_log":10,"minecraft:cobbled_deepslate":82,"minecraft:tuff":64,"minecraft:granite":2,"minecraft:stick":7,"minecraft:poppy":1,"minecraft:dirt":7,"minecraft:diamond_pickaxe":1,"minecraft:andesite":3,"minecraft:wooden_pickaxe":1,"minecraft:stone_pickaxe":2,"minecraft:pink_tulip":1,"minecraft:egg":1},"minecraft:killed":{"minecraft:pig":1,"minecraft:iron_golem":1,"minecraft:sheep":9,"minecraft:zombie":1,"minecraft:cow":3},"minecraft:picked_up":{"minecraft:crafting_table":6,"minecraft:andesite":4,"minecraft:leather":3,"minecraft:tuff":64,"minecraft:oak_log":45,"minecraft:yellow_bed":4,"minecraft:lapis_lazuli":97,"minecraft:dirt":22,"minecraft:wheat_seeds":7,"minecraft:orange_tulip":2,"minecraft:cobbled_deepslate":313,"minecraft:raw_gold":19,"minecraft:bell":4,"minecraft:iron_ingot":6,"minecraft:grindstone":1,"minecraft:beef":7,"minecraft:stone_pickaxe":1,"minecraft:oak_boat":8,"minecraft:poppy":1,"minecraft:sugar_cane":14,"minecraft:oak_planks":12,"minecraft:furnace":1,"minecraft:egg":1,"minecraft:oak_slab":1,"minecraft:stick":2,"minecraft:raw_iron":116,"minecraft:gravel":3,"minecraft:porkchop":1,"minecraft:white_bed":13,"minecraft:redstone":306,"minecraft:barrel":1,"minecraft:diamond":23,"minecraft:hay_block":36,"minecraft:granite":11,"minecraft:pink_tulip":1,"minecraft:oak_sapling":4,"minecraft:mutton":10,"minecraft:coal":39,"minecraft:white_wool":9,"minecraft:rail":59,"minecraft:cobblestone":137,"minecraft:diamond_pickaxe":1},"minecraft:mined":{"minecraft:deepslate_redstone_ore":64,"minecraft:oak_slab":1,"minecraft:tuff":89,"minecraft:white_bed":13,"minecraft:deepslate_diamond_ore":23,"minecraft:crafting_table":6,"minecraft:granite":11,"minecraft:short_grass":6,"minecraft:grass_block":7,"minecraft:tall_grass":1,"minecraft:cobblestone":2,"minecraft:deepslate_coal_ore":2,"minecraft:deepslate_gold_ore":18,"minecraft:lapis_ore":9,"minecraft:grindstone":1,"minecraft:oak_planks":12,"minecraft:sugar_cane":6,"minecraft:hay_block":36,"minecraft:redstone_ore":4,"minecraft:furnace":1,"minecraft:iron_ore":81,"minecraft:barrel":2,"minecraft:cobbled_deepslate":4,"minecraft:andesite":3,"minecraft:orange_tulip":2,"minecraft:deepslate_lapis_ore":4,"minecraft:yellow_bed":4,"minecraft:bell":4,"minecraft:oak_log":35,"minecraft:coal_ore":33,"minecraft:deepslate_iron_ore":6,"minecraft:rail":59,"minecraft:gravel":11,"minecraft:dirt":15,"minecraft:pink_tulip":1,"minecraft:stone":135,"minecraft:gold_ore":1,"minecraft:oak_leaves":15,"minecraft:deepslate":1196}},"DataVersion":3955}