{"stats":{"minecraft:picked_up":{"minecraft:crafting_table":3,"minecraft:andesite":1,"minecraft:leather":3,"minecraft:oak_log":45,"minecraft:yellow_bed":4,"minecraft:dirt":21,"minecraft:orange_tulip":2,"minecraft:wheat_seeds":7,"minecraft:bell":4,"minecraft:grindstone":1,"minecraft:iron_ingot":5,"minecraft:beef":7,"minecraft:oak_boat":8,"minecraft:poppy":1,"minecraft:sugar_cane":14,"minecraft:oak_planks":12,"minecraft:egg":1,"minecraft:oak_slab":1,"minecraft:stick":2,"minecraft:porkchop":1,"minecraft:white_bed":13,"minecraft:barrel":1,"minecraft:hay_block":36,"minecraft:granite":8,"minecraft:pink_tulip":1,"minecraft:oak_sapling":4,"minecraft:mutton":10,"minecraft:cobblestone":33,"minecraft:white_wool":9},"minecraft:used":{"minecraft:oak_trapdoor":6,"minecraft:water_bucket":20,"minecraft:stone_sword":32,"minecraft:stone_pickaxe":7,"minecraft:stone_shovel":14,"minecraft:oak_planks":73,"minecraft:orange_tulip":2,"minecraft:wooden_pickaxe":18,"minecraft:bell":3,"minecraft:stone_hoe":52,"minecraft:dirt":8,"minecraft:oak_slab":7,"minecraft:crafting_table":5,"minecraft:white_bed":8,"minecraft:granite":2,"minecraft:oak_log":3,"minecraft:bread":9,"minecraft:iron_pickaxe":22,"minecraft:barrel":1,"minecraft:stone_axe":68,"minecraft:bucket":21,"minecraft:andesite":1,"minecraft:yellow_bed":3,"minecraft:oak_boat":9},"minecraft:dropped":{"minecraft:wheat_seeds":7,"minecraft:oak_log":10,"minecraft:poppy":1,"minecraft:wooden_pickaxe":1,"minecraft:pink_tulip":1,"minecraft:egg":1},"minecraft:custom":{"minecraft:mob_kills":14,"minecraft:interact_with_crafting_table":15,"minecraft:open_barrel":7,"minecraft:bell_ring":99,"minecraft:time_since_death":51190,"minecraft:sleep_in_bed":3,"minecraft:time_since_rest":13739,"minecraft:sprint_one_cm":158319,"minecraft:damage_taken":50,"minecraft:walk_one_cm":106094,"minecraft:drop":8,"minecraft:damage_dealt":2130,"minecraft:swim_one_cm":6401,"minecraft:talked_to_villager":9,"minecraft:fly_one_cm":202663,"minecraft:open_chest":12,"minecraft:crouch_one_cm":3935,"minecraft:play_time":51190,"minecraft:sneak_time":1066,"minecraft:walk_under_water_one_cm":3240,"minecraft:boat_one_cm":44186,"minecraft:jump":907,"minecraft:walk_on_water_one_cm":5807,"minecraft:total_world_time":51190,"minecraft:fall_one_cm":19097},"minecraft:mined":{"minecraft:oak_slab":1,"minecraft:white_bed":13,"minecraft:crafting_table":3,"minecraft:granite":8,"minecraft:short_grass":6,"minecraft:grass_block":7,"minecraft:tall_grass":1,"minecraft:cobblestone":2,"minecraft:grindstone":1,"minecraft:oak_planks":12,"minecraft:sugar_cane":6,"minecraft:hay_block":36,"minecraft:barrel":2,"minecraft:andesite":1,"minecraft:orange_tulip":2,"minecraft:yellow_bed":4,"minecraft:bell":4,"minecraft:oak_log":35,"minecraft:dirt":14,"minecraft:pink_tulip":1,"minecraft:stone":31,"minecraft:oak_leaves":15},"minecraft:killed":{"minecraft:pig":1,"minecraft:iron_golem":1,"minecraft:sheep":9,"minecraft:cow":3},"minecraft:crafted":{"minecraft:oak_slab":6,"minecraft:oak_planks":128,"minecraft:stone_shovel":1,"minecraft:crafting_table":2,"minecraft:wooden_pickaxe":1,"minecraft:furnace":1,"minecraft:bucket":1,"minecraft:stone_axe":1,"minecraft:bread":108,"minecraft:oak_trapdoor":8,"minecraft:oak_boat":1,"minecraft:shield":1,"minecraft:stick":20,"minecraft:iron_pickaxe":1,"minecraft:stone_pickaxe":1,"minecraft:stone_sword":1,"minecraft:stone_hoe":1,"minecraft:wheat":324}},"DataVersion":3955}