{"stats":{"minecraft:picked_up":{"minecraft:crafting_table":3,"minecraft:andesite":1,"minecraft:leather":3,"minecraft:porkchop":1,"minecraft:oak_log":27,"minecraft:barrel":1,"minecraft:dirt":7,"minecraft:wheat_seeds":1,"minecraft:orange_tulip":2,"minecraft:hay_block":28,"minecraft:beef":4,"minecraft:iron_ingot":5,"minecraft:pink_tulip":1,"minecraft:poppy":1,"minecraft:sugar_cane":14,"minecraft:mutton":1,"minecraft:white_wool":1,"minecraft:cobblestone":19,"minecraft:egg":1},"minecraft:used":{"minecraft:oak_log":3,"minecraft:stone_sword":10,"minecraft:bread":4,"minecraft:stone_pickaxe":2,"minecraft:orange_tulip":2,"minecraft:wooden_pickaxe":18,"minecraft:stone_hoe":36,"minecraft:stone_axe":29,"minecraft:dirt":7,"minecraft:crafting_table":3,"minecraft:andesite":1,"minecraft:oak_boat":1},"minecraft:dropped":{"minecraft:poppy":1,"minecraft:wheat_seeds":1,"minecraft:oak_log":10,"minecraft:wooden_pickaxe":1,"minecraft:egg":1,"minecraft:pink_tulip":1},"minecraft:custom":{"minecraft:time_since_rest":4508,"minecraft:sprint_one_cm":56168,"minecraft:damage_taken":20,"minecraft:walk_one_cm":22646,"minecraft:mob_kills":5,"minecraft:drop":6,"minecraft:damage_dealt":1380,"minecraft:swim_one_cm":6401,"minecraft:interact_with_crafting_table":4,"minecraft:fly_one_cm":78879,"minecraft:open_barrel":1,"minecraft:open_chest":3,"minecraft:crouch_one_cm":415,"minecraft:play_time":15190,"minecraft:sneak_time":335,"minecraft:walk_under_water_one_cm":819,"minecraft:boat_one_cm":253,"minecraft:jump":339,"minecraft:time_since_death":15190,"minecraft:walk_on_water_one_cm":933,"minecraft:sleep_in_bed":1,"minecraft:total_world_time":15190,"minecraft:fall_one_cm":7862},"minecraft:mined":{"minecraft:hay_block":28,"minecraft:barrel":2,"minecraft:andesite":1,"minecraft:orange_tulip":2,"minecraft:crafting_table":3,"minecraft:short_grass":1,"minecraft:grass_block":2,"minecraft:oak_log":17,"minecraft:dirt":5,"minecraft:pink_tulip":1,"minecraft:cobblestone":2,"minecraft:stone":17,"minecraft:sugar_cane":6,"minecraft:oak_leaves":3},"minecraft:crafted":{"minecraft:oak_boat":1,"minecraft:oak_planks":24,"minecraft:stone_shovel":1,"minecraft:crafting_table":1,"minecraft:stick":12,"minecraft:wooden_pickaxe":1,"minecraft:stone_pickaxe":1,"minecraft:stone_sword":1,"minecraft:furnace":1,"minecraft:stone_hoe":1,"minecraft:stone_axe":1},"minecraft:killed":{"minecraft:sheep":1,"minecraft:pig":1,"minecraft:iron_golem":1,"minecraft:cow":2}},"DataVersion":3955}