{"stats":{"minecraft:used":{"minecraft:stone_axe":12,"minecraft:stone_sword":15,"minecraft:dirt":5,"minecraft:crafting_table":1,"minecraft:stone_pickaxe":26,"minecraft:wooden_pickaxe":18},"minecraft:picked_up":{"minecraft:leather":1,"minecraft:beef":7,"minecraft:porkchop":22,"minecraft:oak_log":6,"minecraft:coal":27,"minecraft:dirt":5,"minecraft:cobblestone":17},"minecraft:killed":{"minecraft:pig":12,"minecraft:cow":3},"minecraft:custom":{"minecraft:time_since_rest":5039,"minecraft:crouch_one_cm":787,"minecraft:play_time":5039,"minecraft:sprint_one_cm":15528,"minecraft:walk_one_cm":9639,"minecraft:sneak_time":209,"minecraft:walk_under_water_one_cm":141,"minecraft:mob_kills":15,"minecraft:jump":127,"minecraft:damage_dealt":1500,"minecraft:walk_on_water_one_cm":689,"minecraft:time_since_death":5039,"minecraft:total_world_time":5039,"minecraft:swim_one_cm":879,"minecraft:fall_one_cm":3251,"minecraft:interact_with_crafting_table":2,"minecraft:fly_one_cm":28096},"minecraft:mined":{"minecraft:short_grass":3,"minecraft:oak_log":6,"minecraft:grass_block":1,"minecraft:coal_ore":27,"minecraft:dirt":4,"minecraft:stone":17,"minecraft:crafting_table":1},"minecraft:crafted":{"minecraft:stone_sword":1,"minecraft:furnace":1,"minecraft:oak_planks":24,"minecraft:stone_shovel":1,"minecraft:stone_axe":1,"minecraft:crafting_table":1,"minecraft:stick":12,"minecraft:stone_pickaxe":1,"minecraft:wooden_pickaxe":1}},"DataVersion":3955}