{"stats":{"minecraft:crafted":{"minecraft:oak_planks":128,"minecraft:oak_slab":6,"minecraft:stone_shovel":1,"minecraft:crafting_table":3,"minecraft:wooden_pickaxe":1,"minecraft:furnace":1,"minecraft:bucket":1,"minecraft:stone_axe":1,"minecraft:bread":108,"minecraft:air":0,"minecraft:oak_trapdoor":8,"minecraft:oak_boat":1,"minecraft:diamond_pickaxe":1,"minecraft:iron_boots":1,"minecraft:shield":1,"minecraft:stick":24,"minecraft:iron_ingot":22,"minecraft:iron_pickaxe":3,"minecraft:stone_pickaxe":1,"minecraft:stone_sword":1,"minecraft:iron_leggings":1,"minecraft:stone_hoe":1,"minecraft:wheat":324},"minecraft:used":{"minecraft:oak_trapdoor":6,"minecraft:water_bucket":20,"minecraft:stone_sword":38,"minecraft:stone_pickaxe":7,"minecraft:stone_shovel":14,"minecraft:oak_planks":73,"minecraft:orange_tulip":2,"minecraft:wooden_pickaxe":18,"minecraft:bell":3,"minecraft:stone_hoe":52,"minecraft:dirt":14,"minecraft:oak_slab":7,"minecraft:crafting_table":8,"minecraft:white_bed":8,"minecraft:granite":9,"minecraft:oak_log":3,"minecraft:diamond_pickaxe":207,"minecraft:bread":10,"minecraft:iron_pickaxe":750,"minecraft:barrel":1,"minecraft:stone_axe":72,"minecraft:furnace":1,"minecraft:bucket":21,"minecraft:andesite":1,"minecraft:yellow_bed":3,"minecraft:oak_boat":9},"minecraft:custom":{"minecraft:interact_with_furnace":5,"minecraft:mob_kills":15,"minecraft:interact_with_crafting_table":22,"minecraft:open_barrel":7,"minecraft:bell_ring":99,"minecraft:time_since_death":98972,"minecraft:sleep_in_bed":3,"minecraft:time_since_rest":61521,"minecraft:sprint_one_cm":194044,"minecraft:damage_taken":100,"minecraft:walk_one_cm":188898,"minecraft:drop":14,"minecraft:damage_dealt":2331,"minecraft:swim_one_cm":6401,"minecraft:talked_to_villager":9,"minecraft:fly_one_cm":216420,"minecraft:open_chest":12,"minecraft:crouch_one_cm":14463,"minecraft:play_time":98972,"minecraft:sneak_time":4560,"minecraft:walk_under_water_one_cm":3240,"minecraft:boat_one_cm":44186,"minecraft:jump":1066,"minecraft:walk_on_water_one_cm":6715,"minecraft:total_world_time":98972,"minecraft:fall_one_cm":24840},"minecraft:broken":{"minecraft:iron_pickaxe":3},"minecraft:dropped":{"minecraft:wheat_seeds":7,"minecraft:oak_log":10,"minecraft:cobbled_deepslate":14,"minecraft:granite":2,"minecraft:poppy":1,"minecraft:dirt":7,"minecraft:andesite":3,"minecraft:wooden_pickaxe":1,"minecraft:egg":1,"minecraft:pink_tulip":1},"minecraft:killed":{"minecraft:pig":1,"minecraft:iron_golem":1,"minecraft:sheep":9,"minecraft:zombie":1,"minecraft:cow":3},"minecraft:picked_up":{"minecraft:crafting_table":6,"minecraft:andesite":4,"minecraft:leather":3,"minecraft:tuff":64,"minecraft:oak_log":45,"minecraft:yellow_bed":4,"minecraft:lapis_lazuli":71,"minecraft:dirt":22,"minecraft:orange_tulip":2,"minecraft:wheat_seeds":7,"minecraft:cobbled_deepslate":206,"minecraft:raw_gold":19,"minecraft:bell":4,"minecraft:grindstone":1,"minecraft:iron_ingot":6,"minecraft:beef":7,"minecraft:oak_boat":8,"minecraft:poppy":1,"minecraft:sugar_cane":14,"minecraft:oak_planks":12,"minecraft:furnace":1,"minecraft:egg":1,"minecraft:oak_slab":1,"minecraft:stick":2,"minecraft:raw_iron":114,"minecraft:porkchop":1,"minecraft:white_bed":13,"minecraft:redstone":177,"minecraft:barrel":1,"minecraft:diamond":2,"minecraft:hay_block":36,"minecraft:granite":11,"minecraft:pink_tulip":1,"minecraft:coal":39,"minecraft:oak_sapling":4,"minecraft:rail":59,"minecraft:mutton":10,"minecraft:white_wool":9,"minecraft:cobblestone":137},"minecraft:mined":{"minecraft:deepslate_redstone_ore":35,"minecraft:oak_slab":1,"minecraft:tuff":69,"minecraft:white_bed":13,"minecraft:deepslate_diamond_ore":2,"minecraft:crafting_table":6,"minecraft:granite":11,"minecraft:short_grass":6,"minecraft:grass_block":7,"minecraft:tall_grass":1,"minecraft:cobblestone":2,"minecraft:deepslate_coal_ore":2,"minecraft:deepslate_gold_ore":18,"minecraft:lapis_ore":9,"minecraft:grindstone":1,"minecraft:sugar_cane":6,"minecraft:oak_planks":12,"minecraft:hay_block":36,"minecraft:redstone_ore":4,"minecraft:furnace":1,"minecraft:iron_ore":81,"minecraft:barrel":2,"minecraft:andesite":3,"minecraft:orange_tulip":2,"minecraft:yellow_bed":4,"minecraft:bell":4,"minecraft:coal_ore":33,"minecraft:oak_log":35,"minecraft:deepslate_iron_ore":4,"minecraft:rail":59,"minecraft:dirt":15,"minecraft:pink_tulip":1,"minecraft:stone":135,"minecraft:deepslate":508,"minecraft:gold_ore":1,"minecraft:oak_leaves":15}},"DataVersion":3955}