{"stats":{"minecraft:mined":{"minecraft:spruce_planks":1,"minecraft:brewing_stand":1,"minecraft:crafting_table":3,"minecraft:short_grass":22,"minecraft:blast_furnace":2,"minecraft:grass_block":138,"minecraft:tall_grass":2,"minecraft:cobblestone":2,"minecraft:spruce_leaves":8,"minecraft:composter":2,"minecraft:grindstone":2,"minecraft:sugar_cane":1,"minecraft:oak_planks":5,"minecraft:oak_wall_sign":4,"minecraft:blue_bed":3,"minecraft:large_fern":1,"minecraft:hay_block":24,"minecraft:purple_bed":7,"minecraft:birch_log":7,"minecraft:sweet_berry_bush":1,"minecraft:spruce_log":11,"minecraft:birch_leaves":1,"minecraft:coal_ore":21,"minecraft:oak_log":14,"minecraft:dirt_path":24,"minecraft:dirt":68,"minecraft:stone":10,"minecraft:oak_leaves":6},"minecraft:custom":{"minecraft:mob_kills":20,"minecraft:interact_with_crafting_table":14,"minecraft:leave_game":1,"minecraft:time_since_death":38709,"minecraft:sleep_in_bed":2,"minecraft:time_since_rest":4097,"minecraft:sprint_one_cm":163495,"minecraft:damage_taken":520,"minecraft:walk_one_cm":82180,"minecraft:drop":6,"minecraft:damage_dealt":3119,"minecraft:swim_one_cm":11073,"minecraft:talked_to_villager":4,"minecraft:fly_one_cm":167409,"minecraft:open_chest":20,"minecraft:crouch_one_cm":17406,"minecraft:play_time":38709,"minecraft:sneak_time":3567,"minecraft:walk_under_water_one_cm":2195,"minecraft:boat_one_cm":36519,"minecraft:interact_with_brewingstand":1,"minecraft:jump":946,"minecraft:walk_on_water_one_cm":5357,"minecraft:total_world_time":38709,"minecraft:fall_one_cm":30758},"minecraft:used":{"minecraft:oak_trapdoor":2,"minecraft:water_bucket":12,"minecraft:stone_sword":44,"minecraft:iron_shovel":124,"minecraft:stone_pickaxe":6,"minecraft:spruce_slab":4,"minecraft:stone_shovel":106,"minecraft:oak_planks":48,"minecraft:oak_sign":6,"minecraft:chest":2,"minecraft:spruce_planks":42,"minecraft:wooden_pickaxe":9,"minecraft:composter":3,"minecraft:blue_bed":3,"minecraft:stone_hoe":82,"minecraft:iron_chestplate":1,"minecraft:dirt":197,"minecraft:crafting_table":4,"minecraft:spruce_log":4,"minecraft:spruce_boat":1,"minecraft:wooden_hoe":9,"minecraft:bread":16,"minecraft:iron_pickaxe":26,"minecraft:iron_helmet":1,"minecraft:stone_axe":63,"minecraft:light_gray_wool":1,"minecraft:purple_bed":5,"minecraft:bucket":13,"minecraft:potato":21},"minecraft:dropped":{"minecraft:rotten_flesh":2,"minecraft:poppy":1,"minecraft:wooden_hoe":1,"minecraft:spruce_planks":4,"minecraft:spruce_log":13,"minecraft:wooden_pickaxe":1},"minecraft:picked_up":{"minecraft:birch_log":7,"minecraft:crafting_table":3,"minecraft:leather":8,"minecraft:oak_log":14,"minecraft:brewing_stand":1,"minecraft:wooden_hoe":1,"minecraft:blue_bed":3,"minecraft:dirt":227,"minecraft:bone":1,"minecraft:oak_sign":5,"minecraft:wheat_seeds":6,"minecraft:spruce_planks":5,"minecraft:grindstone":2,"minecraft:iron_ingot":3,"minecraft:beef":26,"minecraft:light_gray_wool":1,"minecraft:poppy":2,"minecraft:birch_sapling":1,"minecraft:sugar_cane":2,"minecraft:oak_planks":5,"minecraft:stick":1,"minecraft:sweet_berries":3,"minecraft:composter":2,"minecraft:porkchop":2,"minecraft:spruce_sapling":1,"minecraft:blast_furnace":2,"minecraft:spruce_log":24,"minecraft:rotten_flesh":2,"minecraft:purple_bed":7,"minecraft:spruce_boat":1,"minecraft:hay_block":23,"minecraft:oak_sapling":1,"minecraft:mutton":5,"minecraft:coal":21,"minecraft:white_wool":3,"minecraft:cobblestone":12},"minecraft:crafted":{"minecraft:oak_planks":56,"minecraft:stone_shovel":1,"minecraft:oak_sign":3,"minecraft:crafting_table":2,"minecraft:spruce_planks":100,"minecraft:wooden_pickaxe":1,"minecraft:bucket":1,"minecraft:stone_axe":1,"minecraft:bread":64,"minecraft:oak_trapdoor":2,"minecraft:wooden_hoe":1,"minecraft:spruce_slab":18,"minecraft:stick":24,"minecraft:stone_pickaxe":1,"minecraft:stone_sword":1,"minecraft:chest":2,"minecraft:iron_shovel":2,"minecraft:spruce_boat":1,"minecraft:composter":2,"minecraft:stone_hoe":1,"minecraft:wheat":207},"minecraft:killed":{"minecraft:pig":1,"minecraft:iron_golem":1,"minecraft:sheep":4,"minecraft:skeleton":1,"minecraft:zombie":2,"minecraft:cow":11}},"DataVersion":3955}