{"stats":{"minecraft:mined":{"minecraft:tuff":50,"minecraft:mossy_cobblestone":1,"minecraft:deepslate_diamond_ore":32,"minecraft:sculk_vein":44,"minecraft:obsidian":2,"minecraft:nether_bricks":20,"minecraft:cobbled_deepslate_slab":3,"minecraft:grass_block":1,"minecraft:spruce_leaves":1,"minecraft:spawner":1,"minecraft:sculk_catalyst":1,"minecraft:furnace":8,"minecraft:iron_ore":21,"minecraft:cobbled_deepslate":17,"minecraft:deepslate_lapis_ore":4,"minecraft:deepslate_iron_ore":26,"minecraft:warped_stem":3,"minecraft:stone":60,"minecraft:deepslate_redstone_ore":54,"minecraft:twisting_vines_plant":3,"minecraft:basalt":4,"minecraft:crafting_table":6,"minecraft:short_grass":4,"minecraft:sculk_sensor":1,"minecraft:nether_quartz_ore":5,"minecraft:copper_ore":1,"minecraft:deepslate_gold_ore":19,"minecraft:sculk":259,"minecraft:warped_wart_block":2,"minecraft:warped_nylium":17,"minecraft:spruce_log":5,"minecraft:warped_fungus":1,"minecraft:coal_ore":28,"minecraft:oak_log":14,"minecraft:dirt":6,"minecraft:gravel":5,"minecraft:dripstone_block":5,"minecraft:netherrack":266,"minecraft:deepslate":989,"minecraft:gold_ore":3,"minecraft:oak_leaves":3},"minecraft:broken":{"minecraft:iron_pickaxe":1},"minecraft:custom":{"minecraft:mob_kills":71,"minecraft:interact_with_crafting_table":23,"minecraft:leave_game":1,"minecraft:time_since_death":128923,"minecraft:climb_one_cm":2602,"minecraft:sprint_one_cm":203808,"minecraft:walk_one_cm":283381,"minecraft:damage_blocked_by_shield":1564,"minecraft:drop":11,"minecraft:play_time":128923,"minecraft:sneak_time":12365,"minecraft:walk_under_water_one_cm":10281,"minecraft:boat_one_cm":165,"minecraft:jump":2021,"minecraft:walk_on_water_one_cm":12169,"minecraft:total_world_time":128923,"minecraft:interact_with_furnace":47,"minecraft:time_since_rest":128923,"minecraft:damage_taken":1948,"minecraft:damage_dealt":14459,"minecraft:swim_one_cm":16003,"minecraft:fly_one_cm":225376,"minecraft:open_chest":23,"minecraft:crouch_one_cm":46543,"minecraft:fall_one_cm":60894},"minecraft:used":{"minecraft:stone_sword":72,"minecraft:chest":2,"minecraft:shield":11,"minecraft:stone_hoe":75,"minecraft:rotten_flesh":14,"minecraft:netherrack":173,"minecraft:dirt":6,"minecraft:nether_bricks":20,"minecraft:diamond_helmet":1,"minecraft:obsidian":1,"minecraft:iron_hoe":235,"minecraft:lava_bucket":14,"minecraft:basalt":2,"minecraft:furnace":11,"minecraft:cooked_beef":20,"minecraft:cobbled_deepslate":79,"minecraft:water_bucket":33,"minecraft:diamond_boots":1,"minecraft:stone_pickaxe":54,"minecraft:oak_planks":3,"minecraft:wooden_pickaxe":13,"minecraft:diamond_axe":18,"minecraft:crafting_table":7,"minecraft:diamond_pickaxe":1325,"minecraft:iron_pickaxe":250,"minecraft:gravel":1,"minecraft:stone_axe":45,"minecraft:diamond_sword":87,"minecraft:cobblestone":20,"minecraft:cobbled_deepslate_slab":24,"minecraft:cooked_porkchop":2,"minecraft:bucket":48,"minecraft:oak_boat":28,"minecraft:diamond_leggings":1},"minecraft:dropped":{"minecraft:mossy_cobblestone":1,"minecraft:dripstone_block":4,"minecraft:dirt":1,"minecraft:crimson_roots":1,"minecraft:cobbled_deepslate":7,"minecraft:twisting_vines":6,"minecraft:iron_hoe":1,"minecraft:arrow":2,"minecraft:wooden_pickaxe":1,"minecraft:netherrack":1},"minecraft:picked_up":{"minecraft:crafting_table":6,"minecraft:string":10,"minecraft:raw_copper":2,"minecraft:cobbled_deepslate":577,"minecraft:beef":20,"minecraft:oak_boat":28,"minecraft:furnace":8,"minecraft:raw_iron":45,"minecraft:porkchop":41,"minecraft:redstone":232,"minecraft:arrow":2,"minecraft:rotten_flesh":14,"minecraft:nether_bricks":20,"minecraft:mutton":10,"minecraft:obsidian":2,"minecraft:white_wool":8,"minecraft:cobblestone":59,"minecraft:cooked_beef":2,"minecraft:basalt":4,"minecraft:glow_ink_sac":2,"minecraft:leather":9,"minecraft:potato":1,"minecraft:tuff":50,"minecraft:oak_log":14,"minecraft:gunpowder":2,"minecraft:lapis_lazuli":29,"minecraft:dirt":7,"minecraft:twisting_vines":6,"minecraft:bone":2,"minecraft:raw_gold":22,"minecraft:warped_stem":3,"minecraft:cobbled_deepslate_slab":3,"minecraft:iron_ingot":22,"minecraft:oak_planks":20,"minecraft:warped_wart_block":1,"minecraft:quartz":5,"minecraft:dripstone_block":4,"minecraft:gravel":1,"minecraft:spruce_sapling":3,"minecraft:spruce_log":5,"minecraft:spider_eye":1,"minecraft:mossy_cobblestone":1,"minecraft:diamond":32,"minecraft:warped_roots":6,"minecraft:coal":44,"minecraft:oak_sapling":1,"minecraft:netherrack":278,"minecraft:warped_nylium":5,"minecraft:crimson_roots":1,"minecraft:ender_pearl":12},"minecraft:crafted":{"minecraft:cobbled_deepslate_slab":384,"minecraft:oak_planks":56,"minecraft:spruce_button":1,"minecraft:furnace":4,"minecraft:bone_meal":6,"minecraft:diamond_helmet":1,"minecraft:diamond_leggings":1,"minecraft:iron_hoe":1,"minecraft:stone_pickaxe":1,"minecraft:chest":2,"minecraft:diamond_boots":1,"minecraft:stone_hoe":1,"minecraft:golden_boots":1,"minecraft:cooked_beef":18,"minecraft:diamond_sword":1,"minecraft:cooked_porkchop":7,"minecraft:crafting_table":2,"minecraft:diamond_axe":1,"minecraft:spruce_planks":20,"minecraft:wooden_pickaxe":1,"minecraft:bucket":1,"minecraft:stone_axe":1,"minecraft:air":0,"minecraft:oak_boat":1,"minecraft:diamond_pickaxe":1,"minecraft:shield":1,"minecraft:stick":24,"minecraft:iron_ingot":23,"minecraft:iron_pickaxe":1,"minecraft:stone_sword":1,"minecraft:gold_ingot":4,"minecraft:diamond_chestplate":1},"minecraft:killed":{"minecraft:spider":9,"minecraft:skeleton":4,"minecraft:magma_cube":1,"minecraft:pig":10,"minecraft:zombie_villager":1,"minecraft:creeper":1,"minecraft:sheep":8,"minecraft:zombie":11,"minecraft:cow":8,"minecraft:enderman":17}},"DataVersion":3955}