{"stats":{"minecraft:mined":{"minecraft:grass_block":1,"minecraft:oak_log":14,"minecraft:gravel":1,"minecraft:dirt":6,"minecraft:stone":9,"minecraft:spruce_leaves":1,"minecraft:spruce_log":5,"minecraft:oak_leaves":3,"minecraft:crafting_table":1},"minecraft:custom":{"minecraft:time_since_rest":4082,"minecraft:crouch_one_cm":429,"minecraft:play_time":4082,"minecraft:sprint_one_cm":12053,"minecraft:damage_taken":50,"minecraft:walk_one_cm":5409,"minecraft:sneak_time":267,"minecraft:walk_under_water_one_cm":525,"minecraft:jump":63,"minecraft:swim_one_cm":14231,"minecraft:walk_on_water_one_cm":691,"minecraft:time_since_death":4082,"minecraft:total_world_time":4082,"minecraft:interact_with_crafting_table":2,"minecraft:fall_one_cm":3627,"minecraft:fly_one_cm":9362},"minecraft:used":{"minecraft:stone_axe":17,"minecraft:dirt":1,"minecraft:cobblestone":1,"minecraft:crafting_table":1,"minecraft:wooden_pickaxe":13,"minecraft:gravel":1},"minecraft:picked_up":{"minecraft:crafting_table":1,"minecraft:gravel":1,"minecraft:oak_log":14,"minecraft:spruce_sapling":3,"minecraft:oak_sapling":1,"minecraft:spruce_log":5,"minecraft:dirt":7,"minecraft:cobblestone":9},"minecraft:crafted":{"minecraft:stone_sword":1,"minecraft:oak_planks":56,"minecraft:stone_axe":1,"minecraft:crafting_table":1,"minecraft:spruce_planks":20,"minecraft:stick":12,"minecraft:stone_pickaxe":1,"minecraft:spruce_button":1,"minecraft:wooden_pickaxe":1}},"DataVersion":3955}