{"stats":{"minecraft:used":{"minecraft:oak_trapdoor":1,"minecraft:stone_sword":59,"minecraft:stone_shovel":16,"minecraft:stone_pickaxe":15,"minecraft:wooden_pickaxe":17,"minecraft:cooked_salmon":3,"minecraft:stone_hoe":16,"minecraft:iron_chestplate":1,"minecraft:white_wool":1,"minecraft:dirt":21,"minecraft:sand":4,"minecraft:crafting_table":6,"minecraft:white_bed":1,"minecraft:spruce_log":4,"minecraft:bread":6,"minecraft:iron_pickaxe":96,"minecraft:map":2,"minecraft:gravel":1,"minecraft:stone_axe":86,"minecraft:furnace":1,"minecraft:cooked_cod":2,"minecraft:oak_boat":6},"minecraft:picked_up":{"minecraft:crafting_table":5,"minecraft:wheat":7,"minecraft:leather":7,"minecraft:gold_block":1,"minecraft:birch_planks":6,"minecraft:filled_map":1,"minecraft:flint":2,"minecraft:oak_log":24,"minecraft:oak_trapdoor":1,"minecraft:dirt":24,"minecraft:wheat_seeds":2,"minecraft:beef":20,"minecraft:oak_boat":6,"minecraft:sugar_cane":7,"minecraft:oak_planks":1,"minecraft:spruce_trapdoor":13,"minecraft:furnace":1,"minecraft:stick":1,"minecraft:raw_iron":4,"minecraft:gravel":1,"minecraft:sand":4,"minecraft:spruce_sapling":6,"minecraft:spruce_log":24,"minecraft:jungle_stairs":2,"minecraft:hay_block":16,"minecraft:oak_sapling":1,"minecraft:mutton":27,"minecraft:coal":66,"minecraft:white_wool":19,"minecraft:cobblestone":49},"minecraft:killed":{"minecraft:sheep":18,"minecraft:zombie":1,"minecraft:cow":10},"minecraft:killed_by":{"minecraft:skeleton":1},"minecraft:custom":{"minecraft:interact_with_furnace":1,"minecraft:mob_kills":29,"minecraft:interact_with_crafting_table":7,"minecraft:leave_game":1,"minecraft:time_since_death":42,"minecraft:sleep_in_bed":2,"minecraft:climb_one_cm":335,"minecraft:time_since_rest":75,"minecraft:sprint_one_cm":163337,"minecraft:damage_taken":506,"minecraft:walk_one_cm":67077,"minecraft:drop":8,"minecraft:damage_dealt":2650,"minecraft:swim_one_cm":81063,"minecraft:talked_to_villager":1,"minecraft:fly_one_cm":213644,"minecraft:open_chest":13,"minecraft:crouch_one_cm":3837,"minecraft:play_time":64376,"minecraft:deaths":1,"minecraft:sneak_time":1456,"minecraft:walk_under_water_one_cm":10008,"minecraft:boat_one_cm":420902,"minecraft:jump":1246,"minecraft:walk_on_water_one_cm":12194,"minecraft:total_world_time":64376,"minecraft:fall_one_cm":39270},"minecraft:dropped":{"minecraft:wheat_seeds":2,"minecraft:poisonous_potato":1,"minecraft:filled_map":4,"minecraft:dirt":3,"minecraft:wooden_pickaxe":1},"minecraft:mined":{"minecraft:snow_block":3,"minecraft:crafting_table":5,"minecraft:spruce_trapdoor":14,"minecraft:jungle_stairs":2,"minecraft:short_grass":6,"minecraft:grass_block":7,"minecraft:tall_grass":1,"minecraft:spruce_leaves":6,"minecraft:sugar_cane":4,"minecraft:oak_planks":1,"minecraft:hay_block":16,"minecraft:birch_planks":6,"minecraft:oak_trapdoor":1,"minecraft:furnace":1,"minecraft:iron_ore":4,"minecraft:snow":1,"minecraft:spruce_log":26,"minecraft:gold_block":1,"minecraft:oak_log":24,"minecraft:coal_ore":67,"minecraft:dirt":18,"minecraft:gravel":3,"minecraft:sand":4,"minecraft:stone":49,"minecraft:netherrack":5,"minecraft:white_wool":1,"minecraft:oak_leaves":5,"minecraft:fern":1},"minecraft:crafted":{"minecraft:oak_planks":28,"minecraft:stone_shovel":1,"minecraft:crafting_table":1,"minecraft:wooden_pickaxe":1,"minecraft:furnace":1,"minecraft:stone_axe":1,"minecraft:bread":48,"minecraft:oak_boat":1,"minecraft:iron_chestplate":1,"minecraft:shield":1,"minecraft:stick":12,"minecraft:iron_pickaxe":1,"minecraft:stone_pickaxe":1,"minecraft:stone_sword":1,"minecraft:white_bed":1,"minecraft:stone_hoe":1,"minecraft:wheat":137}},"DataVersion":3955}