{"stats":{"minecraft:picked_up":{"minecraft:crafting_table":3,"minecraft:andesite":1,"minecraft:leather":3,"minecraft:oak_log":45,"minecraft:yellow_bed":3,"minecraft:dirt":9,"minecraft:orange_tulip":2,"minecraft:wheat_seeds":4,"minecraft:bell":1,"minecraft:iron_ingot":5,"minecraft:beef":7,"minecraft:oak_boat":8,"minecraft:poppy":1,"minecraft:sugar_cane":14,"minecraft:oak_planks":12,"minecraft:egg":1,"minecraft:oak_slab":1,"minecraft:stick":2,"minecraft:porkchop":1,"minecraft:white_bed":6,"minecraft:barrel":1,"minecraft:hay_block":36,"minecraft:pink_tulip":1,"minecraft:oak_sapling":4,"minecraft:mutton":10,"minecraft:cobblestone":19,"minecraft:white_wool":9},"minecraft:used":{"minecraft:oak_trapdoor":6,"minecraft:water_bucket":18,"minecraft:stone_sword":32,"minecraft:stone_pickaxe":3,"minecraft:stone_shovel":2,"minecraft:oak_planks":73,"minecraft:orange_tulip":2,"minecraft:wooden_pickaxe":18,"minecraft:bell":1,"minecraft:stone_hoe":52,"minecraft:dirt":8,"minecraft:oak_slab":7,"minecraft:crafting_table":4,"minecraft:white_bed":1,"minecraft:oak_log":3,"minecraft:bread":7,"minecraft:stone_axe":68,"minecraft:bucket":19,"minecraft:andesite":1,"minecraft:yellow_bed":2,"minecraft:oak_boat":9},"minecraft:dropped":{"minecraft:wheat_seeds":1,"minecraft:oak_log":10,"minecraft:poppy":1,"minecraft:wooden_pickaxe":1,"minecraft:pink_tulip":1,"minecraft:egg":1},"minecraft:custom":{"minecraft:mob_kills":14,"minecraft:interact_with_crafting_table":8,"minecraft:open_barrel":1,"minecraft:bell_ring":60,"minecraft:time_since_death":39190,"minecraft:sleep_in_bed":3,"minecraft:time_since_rest":1739,"minecraft:sprint_one_cm":117295,"minecraft:damage_taken":40,"minecraft:walk_one_cm":88231,"minecraft:drop":6,"minecraft:damage_dealt":2130,"minecraft:swim_one_cm":6401,"minecraft:talked_to_villager":8,"minecraft:fly_one_cm":158690,"minecraft:open_chest":10,"minecraft:crouch_one_cm":3818,"minecraft:play_time":39190,"minecraft:sneak_time":1026,"minecraft:walk_under_water_one_cm":3240,"minecraft:boat_one_cm":43156,"minecraft:jump":740,"minecraft:walk_on_water_one_cm":4579,"minecraft:total_world_time":39190,"minecraft:fall_one_cm":16339},"minecraft:mined":{"minecraft:oak_slab":1,"minecraft:white_bed":6,"minecraft:crafting_table":3,"minecraft:short_grass":6,"minecraft:grass_block":4,"minecraft:tall_grass":1,"minecraft:cobblestone":2,"minecraft:oak_planks":12,"minecraft:sugar_cane":6,"minecraft:hay_block":36,"minecraft:barrel":2,"minecraft:andesite":1,"minecraft:orange_tulip":2,"minecraft:yellow_bed":3,"minecraft:bell":1,"minecraft:oak_log":35,"minecraft:dirt":5,"minecraft:pink_tulip":1,"minecraft:stone":17,"minecraft:oak_leaves":15},"minecraft:killed":{"minecraft:pig":1,"minecraft:iron_golem":1,"minecraft:sheep":9,"minecraft:cow":3},"minecraft:crafted":{"minecraft:oak_slab":6,"minecraft:oak_planks":128,"minecraft:stone_shovel":1,"minecraft:crafting_table":1,"minecraft:wooden_pickaxe":1,"minecraft:furnace":1,"minecraft:bucket":1,"minecraft:stone_axe":1,"minecraft:oak_trapdoor":8,"minecraft:oak_boat":1,"minecraft:stick":12,"minecraft:stone_pickaxe":1,"minecraft:stone_sword":1,"minecraft:stone_hoe":1}},"DataVersion":3955}